,coordinates,score
0,"106.8233,-6.1803",0.0
1,"-3.66283066,40.427416",0.0
2,"124.6264284,8.4938129",0.3125
3,"149.08073073,-35.25808344",0.0
4,"106.8233,-6.1803",0.2575757575757576
5,"-74.0064,40.7142",0.13636363636363635
6,"-4.309626,55.852472",0.6
7,"-86.0113,40.0456",0.225
8,"-71.38172809,42.56854103",0.28
9,"31.0981,29.0707",-0.5
10,"28.06045532,-26.21659308",0.0
11,"-0.77615991,53.39364019",-0.125
12,"-122.46654,37.76271",0.35000000000000003
13,"21.008333,52.232222",0.13636363636363635
14,"-87.0715,20.636",0.0
15,"121.02579495,14.42628217",0.0
16,"-0.1094,51.5141",-0.051851851851851864
17,"28.06045532,-26.21659308",-0.023015873015873014
18,"-79.6179,37.0585",0.0
19,"-122.53706,47.22396",0.20454545454545453
20,"84.9151306,26.6516991",0.03492063492063492
21,"-122.44631072,37.77420779",-0.0833333333333333
22,"80.2751,13.0812",0.275
23,"77.53499799,13.16876069",0.4333333333333333
24,"-78.8494,42.9047",0.06818181818181818
25,"-117.566,33.8753",0.0
26,"-84.30329,33.77602",-0.1125
27,"75.78625,26.16117",0.6
28,"-86.78017022,36.1528911",0.16666666666666666
29,"-114.057,51.045",0.45
30,"-1.93048239,53.60276332",-0.3
31,"-97.73549055,30.26585335",0.1
32,"-73.56725453,45.75975883",-0.13888888888888887
33,"55.27864708,25.1908321",0.2
34,"103.856,1.29306",0.0
35,"-96.8236771,32.9616407",0.1506060606060606
36,"28.06045532,-26.21659308",0.5
37,"3.36713205,6.67233071",0.21875
38,"-0.50717134,51.50802876",0.0
39,"77.597645,12.971117",0.07142857142857142
40,"28.06045532,-26.21659308",0.7
41,"27.8635755,-32.9911514",0.3554450757575758
42,"-6.28034668,53.36853317",0.2
43,"21.008333,52.232222",0.0
44,"21.008333,52.232222",0.0
45,"21.008333,52.232222",0.0
46,"-121.922194,36.553358",0.4900000000000001
47,"-119.15,34.36",0.06818181818181818
48,"3.35806,6.50917",-0.16666666666666666
49,"76.9317,8.5035",0.0
50,"-95.50107944,30.88122984",-0.25
51,"77.5711719,12.9916302",0.0
52,"5.08273079,51.56196435",0.06818181818181818
53,"28.063,-26.13",-0.5
54,"144.994,-37.7999",-0.17916666666666667
55,"11.25405836,43.77155989",0.0
56,"-96.91081422,19.53511204",0.0
57,"-82.28637,34.83012",0.0
58,"72.84985834,19.21470421",-0.3333333333333333
59,"151.20797,-33.86751",0.6
60,"-73.56726563,45.63697547",0.0
61,"-95.34642,29.7007",-0.0625
62,"13.401251,52.518391",-0.08333333333333333
63,"-117.89941859,33.74041089",-0.13888888888888887
64,"-0.1094,51.5141",0.4
65,"21.008333,52.232222",0.5
66,"-73.56725453,45.75975883",0.025
67,"-111.656944,34.286667",0.5
68,"121.037,14.6439",0.1431818181818182
69,"123.892006,10.311102",0.2
70,"-74.00589108,40.71270142",-0.18181818181818185
71,"51.44812963,25.35759909",0.0
72,"28.06045532,-26.21659308",0.3333333333333333
73,"-86.25640869,33.52233643",0.15340909090909088
74,"-121.5705372,37.00748787",0.0
75,"-6.24327711,53.36001999",0.2
76,"77.05416667,28.6",0.5
77,"-157.799,21.4092",-0.390625
78,"-71.08179,42.33161",-0.16666666666666666
79,"76.7807,30.7229",0.022077922077922075
80,"77.00748,20.70927",0.10714285714285714
81,"-76.85,38.83",0.0
82,"-73.56725453,45.75975883",0.0
83,"28.06045532,-26.21659308",-0.4196428571428572
84,"-15.57763246,27.75132372",-0.625
85,"55.35676909,25.12200625",0.15656565656565655
86,"77.0110092,20.7124805",0.1875
87,"82.1422,22.1322",-0.3
88,"-87.62807695,41.89047737",0.0
89,"77.77597,28.73066",0.17575757575757578
90,"7.4833,9.0667",0.0
91,"-0.77615991,53.39364019",-0.125
92,"-58.51247393,-34.84345653",0.0
93,"9.08715,45.81072",0.0
94,"-3.18555556,55.95055556",0.4
95,"-121.89392,37.34977",0.25
96,"55.35676909,25.12200625",0.15656565656565655
97,"-0.1094,51.5141",0.2071428571428572
98,"147.733,-8.88333",-0.01666666666666668
99,"78.47424,17.40032",0.03409090909090909
100,"74.797,34.0839",-0.2
101,"-5.97117885,54.59211873",0.11666666666666665
102,"-4.629734,54.08989",0.2
103,"-73.56725453,45.75975883",0.16666666666666666
104,"150.31199096,-33.73157452",-0.007161458333333333
105,"-118.378,34.1722",-0.6
106,"77.04783172,28.59672186",0.0
107,"28.1049,-25.9956",0.1
108,"-2.618984,51.677564",0.08333333333333333
109,"-79.3872,43.648",0.5
110,"7.0642,4.8164",0.06818181818181818
111,"121.03634781,14.63927286",0.65
112,"-1.9679,51.01061",0.4
113,"-0.14367274,51.55141874",0.10833333333333334
114,"12.49158049,41.89114343",-0.031018518518518525
115,"144.95937,-37.73214",-0.1376488095238095
116,"77,21",0.26666666666666666
117,"72.97936571,33.70262714",0.4
118,"28.12612343,-25.74589157",0.5
119,"80.10546,22.42904",0.0625
120,"88.3699,22.5697",0.13636363636363635
121,"110.19135284,-7.75022125",0.1431818181818182
122,"123.01666944,11.33333056",0.625
123,"-3.17015648,51.45483592",0.12348484848484845
124,"-74.5,40",0.0
125,"81.3,29.05",0.0
126,"88.3699,22.5697",0.13636363636363635
127,"6.94275883,43.52323886",0.08785714285714286
128,"72.90206344,19.09025443",0.06818181818181818
129,"153.03196,-27.40058",0.0
130,"150.87154574,-34.52903657",0.1340909090909091
131,"153.1535442,-27.07071912",0.0
132,"81,7",0.3583333333333333
133,"-2.24,57.11",0.13636363636363635
134,"8,9",-0.15
135,"5.17509668,52.10736014",0.35
136,"0.88291,51.30974",-0.225
137,"-0.555,51.607",0.25
138,"3.9167,7.3964",-0.025
139,"115.26900842,-8.51769721",-0.125
140,"-66.09821967,45.29564163",0.246875
141,"-2.2463,53.4793",0.0
142,"-73.47935661,45.6677507",0.2033333333333333
143,"77.2089,28.6139",0.19318181818181812
144,"-4.259,55.858",0.17666666666666667
145,"1.2977,52.6292",0.0
146,"18.0698028,59.3302876",0.375
147,"-0.13355317,51.49594393",0.5
148,"98.9817,18.7903",0.03333333333333333
149,"75.8762841,26.9980811",0.1287012987012987
150,"10.28817,47.01114",0.3757575757575758
151,"77.597645,12.971117",0.07142857142857142
152,"28.2833,-15.4167",0.0
153,"-2.38993406,53.76878558",0.0
154,"54.69468172,24.57290703",0.13636363636363635
155,"4.66666667,52",1.0
156,"-79.7164011,43.7742911",0.17575757575757572
157,"-2.1405432,53.4038761",0.018181818181818167
158,"88.43499,22.44144",0.5
159,"-0.13608912,51.50413561",0.0
160,"-1.46989346,52.91765398",-0.3888888888888889
161,"-1.57216072,53.77782085",0.2159090909090909
162,"28.30494883,-25.82050342",-0.013888888888888923
163,"-2.13333,52.5833",0.0
164,"-0.1094,51.5141",0.1361111111111111
165,"106.70066868,10.7799731",0.03333333333333333
166,"3.39065998,6.45136216",-0.025
167,"55.200608,25.118107",-0.175
168,"73.7971,19.994",0.925
169,"55.2741,25.1994",0.4424242424242424
170,"0.75,51.25",0.0
171,"81.3,29.05",0.0
172,"-0.13608912,51.50413561",0.10833333333333334
173,"-1.96759212,51.7170811",0.3435185185185185
174,"-0.333333,51.75",0.0
175,"-0.15277778,50.82777778",0.1
176,"-0.13983965,51.50931401",0.5
177,"72.82476956,19.43144834",0.0
178,"3.39041948,6.45593388",0.0
179,"-2.48333,53.25",0.0
180,"6.55694,9.61389",0.0
181,"-73.56725453,45.75975883",-0.30000000000000004
182,"143.733,-6.33333",0.09523809523809523
183,"152.85,-27.3",-0.25
184,"-73.47935661,45.6677507",-0.05
185,"88.3699,22.5697",0.13636363636363635
186,"-0.13608912,51.50413561",0.5121212121212121
187,"18.8670431,-33.9644859",0.05113636363636363
188,"-73.56725453,45.75975883",0.25
189,"-123.12713019,49.24963985",-0.2
190,"103.87910674,1.35013374",0.0
191,"7.5103,6.4527",0.17142857142857146
192,"-0.41012735,38.6499894",0.4005291005291005
193,"-4.0744028,51.18736375",0.2
194,"-85.42822033,31.2494036",0.0
195,"77.32226,28.58213",0.0
196,"-73.56726563,45.63697547",0.0
197,"3.48713263,6.44252726",0.25
198,"-73.56725453,45.75975883",-0.4333333333333333
199,"-0.33971786,51.4741729",0.415
200,"-83.28254684,42.54513315",0.0
201,"-8.73557144,51.74510666",0.03333333333333333
202,"9.7,4.05028",0.0
203,"-0.13775943,51.49931401",0.16666666666666666
204,"-9.16192151,54.11146331",0.0
205,"-4.24308068,57.48716661",-0.13333333333333333
206,"10.40604,53.24804",0.3125
207,"168.6631,-45.0316",0.13636363636363635
208,"122.966,10.7372",0.20000000000000007
209,"-73.56726563,45.63697547",0.0
210,"151.44563433,-33.44783988",-0.1375
211,"-75.24077,39.57965",-0.004166666666666663
212,"0.62832154,51.64152489",0.0
213,"72.19021797,22.25105022",0.21428571428571427
214,"-73.56725453,45.75975883",0.2090909090909091
215,"-73.47935661,45.6677507",0.03333333333333333
216,"-2.90046,53.6767",0.2833333333333333
217,"-2.97146354,53.46919757",0.0
218,"3.3554,6.57251",0.08333333333333333
219,"-6.26597298,53.33844962",0.17777777777777778
220,"16.41560835,48.1739745",0.0
221,"-73.56725453,45.75975883",0.0
222,"-0.1094,51.5141",0.0
223,"11.22330666,43.72036182",-0.03333333333333335
224,"-73.75416613,40.6630038",-0.09351851851851853
225,"-0.61128817,51.70562364",0.0
226,"102.74772511,5.89227534",0.15
227,"-73.9961493,40.70542461",0.4
228,"-73.622872,41.01984263",0.1
229,"-0.1394834,51.5220408",0.2412878787878788
230,"-95.9304,41.2557",0.3425
231,"-4.3950117,55.89384165",0.2422222222222222
232,"3.31034577,6.63425933",0.35714285714285715
233,"-99.22338951,19.42574707",-0.1
234,"-7.61806,33.3806",0.125
235,"-4.309626,55.852472",0.0
236,"-75.1753,39.9231",0.0
237,"21.008333,52.232222",-0.1555555555555556
238,"-0.116226,51.457194",0.4
239,"-103.683159,20.566663",0.0
240,"72.82380813,3.47456389",0.025
241,"-74.0007613,40.7207559",0.0
242,"2.22189339,41.422503",0.13333333333333333
243,"151.317,-33.6333",0.06666666666666668
245,"6.96434382,50.90897615",0.0
246,"77.504,28.4744",0.5
247,"7.4833,9.0667",0.0
248,"55.12148463,25.09869104",-0.1875
249,"-77.0854,38.8914",0.0
250,"85.310244,27.713776",0.1787878787878788
251,"-73.56725453,45.75975883",0.0
252,"-0.0786432,51.3572864",0.0
253,"-83.04533908,39.98325392",0.5
254,"106.8233,-6.1803",0.75
255,"-0.6492999,53.591317",0.0
256,"2.3492,48.8573",-0.16666666666666666
257,"74.59519444,34.01339722",0.26666666666666666
258,"36.73868895,-1.3112926",0.1
259,"151.317,-33.6333",0.1
260,"21.008333,52.232222",-0.16666666666666666
261,"-1.8581746,53.8218685",0.08212121212121214
262,"-118.2445,34.0564",0.08333333333333333
263,"3.39583,6.45306",0.2901515151515152
264,"-73.56725453,45.75975883",0.16666666666666666
265,"-79.3872,43.648",0.6000000000000001
266,"-80.109346,26.1609172",0.65
267,"-73.56725453,45.75975883",0.3333333333333333
268,"103.856,1.29306",0.09545454545454546
269,"21.008333,52.232222",0.0
270,"-0.0880271,51.3652378",0.0
271,"0.0818481,52.1393123",0.3333333333333333
272,"-73.56725453,45.75975883",-0.21666666666666665
273,"-79.3872,43.648",0.125
274,"6.62783843,46.50088924",0.225
275,"76.57,28.9",0.4
276,"-79.87447,40.4065299",0.2130681818181818
277,"-73.47935661,45.6677507",0.2681818181818182
278,"-73.56725453,45.75975883",0.35
279,"-4.309626,55.852472",0.0
280,"-73.47935661,45.6677507",0.0
281,"-59.5353359,13.05460484",-0.0625
282,"51.5293,25.2834",0.0
283,"120.9808,14.5896",-0.26666666666666666
284,"48.091246,29.1919212",0.0
285,"21.008333,52.232222",0.0
286,"114.1882,22.3224",0.0
287,"-8.73557144,51.74510666",0.03333333333333333
288,"151.317,-33.6333",0.06666666666666668
289,"78.29950026,30.10331251",0.0
290,"-1.19496264,54.47135428",0.0
291,"-95.3694,29.7602",0.0
292,"-1.1934026,54.47107",0.0
293,"-80.1936,25.7751",-0.060317460317460325
294,"12.47798771,41.86646486",0.04545454545454545
295,"-73.9986799,40.60506",0.05416666666666667
296,"-70.59207,-33.42733",0.375
297,"7.4833,9.0667",0.0
298,"-80.1335,25.8138",0.5
299,"78.06,30.33",0.7
300,"-74.0425728,40.2784256",0.1
301,"-79.48671,43.61768007",0.5666666666666667
302,"-74.0064,40.7142",-0.1
303,"-76.7,39",0.0
304,"-77.099,38.9833",0.625
305,"-76.63209,39.11197",0.03958333333333333
306,"-85.2751708,35.00687891",0.125
307,"-73.9696,40.75083",0.475
308,"56.29346375,25.12920552",0.0
309,"-84.3889,33.7566",-0.03238636363636363
310,"124.607,11.0064",0.0
311,"78.06,30.33",0.0
312,"78.06,30.33",0.21428571428571427
313,"21.008333,52.232222",0.0
314,"-2.796194,54.884277",0.0
315,"-66.119167,18.466111",0.825
316,"-73.8531,40.7493",0.5
317,"-81.32806152,48.47593351",0.0
318,"77.42,23.25",0.3698330965909091
319,"-3.20897928,57.03005527",0.0
320,"-76.24627686,36.94960022",0.325
321,"-73.47935661,45.6677507",0.0
322,"28.0421,-26.2047",0.0
323,"77.504,28.4744",0.35
324,"-96.6767,40.8115",0.6875
325,"-77.00703621,38.88973011",-0.1555555555555556
326,"4.89405471,52.40062753",-0.125
327,"78.06,30.33",0.0
328,"-2.9983,51.5877",0.0
329,"-73.56726563,45.63697547",0.0
330,"-3,40",0.0
331,"-84.55720628,33.77175999",0.5
332,"78.06,30.33",0.033333333333333326
333,"-0.0984785,51.4900506",-0.05
334,"94.86244261,21.15711987",0.0
335,"-4.309626,55.852472",0.6
336,"-1.5492,53.7997",0.4
337,"18.89016167,-32.17590556",1.0
338,"-71.08179,42.33161",0.375
339,"-70.66995848,42.03873478",0.0
340,"4.96742007,51.83357698",0.0
341,"-71.0601143,42.3533728",0.4333333333333333
342,"-74.1309,44.326",0.13636363636363635
343,"75.92,31.53",0.13636363636363635
344,"73.2,22.3",0.0
345,"-1.56496833,53.12108833",0.225
346,"-4.4229184,55.8332997",0.0
347,"77.577453,34.152955",0.2424242424242425
348,"-80.65559973,41.03769403",0.7
349,"-3.54373,50.46788",0.2
350,"77.597645,12.971117",0.0
351,"-95.96333333,35.62444444",0.3666666666666665
352,"-80.21616276,44.49840009",0.30277777777777776
353,"-81.68388599,30.20863243",-0.55
354,"77,21",0.5
355,"-73.56725453,45.75975883",0.134375
356,"-88.8876,30.3972",-0.15625
357,"103.856,1.29306",0.0
358,"-4.74454,50.66289",0.5
359,"-73.9986799,40.60506",0.05416666666666667
360,"-80.4824,27.7828",0.85
361,"77.2045876,28.56010567",0.0
362,"-74.0064,40.7142",0.13636363636363635
363,"77.219672,28.631747",0.1875
364,"-6.338611,53.376667",0.0
365,"-77.0367,38.8951",0.1
366,"-71.34944444,42.46027778",0.2424242424242425
367,"-85.2751708,35.00687891",0.125
368,"-83.4081,33.8628",0.0
369,"78.4507,17.4272",0.20625
370,"-73.9697795,40.7593941",0.0
371,"-74.0007613,40.7207559",0.4
372,"-77.03649486,38.89769958",0.03333333333333333
373,"115.2522928,-8.5287836",0.28939393939393937
374,"-71.0565,42.3577",-0.1
375,"72.83,21.17",0.2272727272727273
376,"73.51,4.1755",0.16666666666666666
377,"-76.5705,44.24868",0.011111111111111108
378,"78.06,30.33",0.55
379,"-81.32806152,48.47593351",0.2
380,"-0.14611,51.57705",0.21666666666666667
381,"-73.56725453,45.75975883",-0.16666666666666666
382,"-86.311225,32.37673354",-0.05625
383,"112.743,-7.2647",0.13636363636363635
384,"55.2741,25.1994",0.15833333333333335
385,"-84.3197,46.5215",0.17045454545454544
386,"-74.0007613,40.7207559",0.0
387,"-79.7941,43.3325",0.16736111111111113
388,"106.79916,-6.18861",0.0
389,"-73.47935661,45.6677507",0.0
390,"77.577453,34.152955",0.2424242424242425
391,"100.54455904,13.74429091",0.0
392,"-123.18231901,49.26422357",-0.04166666666666667
393,"121.04239308,14.62439649",0.24
394,"82.94268966,25.2814595",0.0
395,"-79.38512824,43.6408863",0.14285714285714285
396,"-0.30503154,51.512642",0.23541666666666666
397,"85.310244,27.713776",0.0
398,"-0.466667,52.4833",0.03333333333333333
399,"-89.77139472,30.28742866",0.7
400,"-75.0667,39.95776",0.13636363636363635
401,"-75.28789,40.09411",0.3358333333333333
402,"-75.04517361,40.17150685",0.0
403,"100.3394057,5.4151648",0.027777777777777773
404,"-84.33619,33.92621",0.0
405,"-1.36451667,50.91493833",0.10476190476190476
406,"-100,40",0.3666666666666667
407,"-77.0854,38.8914",-0.2875
408,"77.30999708,28.63491264",0.2681818181818182
409,"-79.7913,36.0731",0.13636363636363635
410,"-77.04722222,38.80472222",0.625
411,"-63.14306867,18.16493302",0.275
412,"60.6,56.85",-0.3
413,"-77.0367,38.8951",0.625
414,"-10.8047,6.31056",-0.5
415,"-75.3716,40.1018",0.3
416,"-0.36483835,53.75549383",0.0
417,"103.79281657,1.44246134",-0.07142857142857142
418,"-73.95,40.65",0.4
419,"-79.3872,43.648",0.13333333333333333
420,"28.12241364,36.41232681",0.2428571428571429
421,"-74.0064,40.7142",0.7083333333333334
422,"-0.0677474,51.3947333",0.0
423,"4.47146,51.93179",0.25
424,"-118.350552,33.833741",-0.0732638888888889
425,"-80.93569036,46.5047832",0.6000000000000001
426,"-87.65274,41.91292",0.0
427,"-115.149,36.1675",-0.15000000000000002
428,"3.41583333,6.43111111",0.03333333333333333
429,"-75.45736313,43.21272978",0.75
430,"-73.56725453,45.75975883",0.16666666666666666
431,"-79.88386,43.51105",0.16666666666666666
432,"-73.56725453,45.75975883",0.0
433,"-80.3547177,43.3930366",-0.017045454545454548
434,"101.0831,4.5962",0.3545454545454545
435,"60.6,56.85",0.0
436,"-82.87536263,39.98640887",0.15625
437,"-117.5655,33.8752",0.0
438,"-86.99074226,39.97216257",0.4916666666666667
439,"-77.33333333,25.06666667",0.0
440,"-93.2487008,44.85896932",0.0
441,"-71.39862449,41.85967402",0.06571428571428573
442,"1.17798,51.08444",0.0
443,"-115.20159,36.10279",0.0
444,"-2.3173211,53.5921543",0.4
445,"-84.3889,33.7566",-0.3125
446,"-118.40814545,33.9461343",0.0
447,"-122.1662903,47.6656685",0.2714285714285714
448,"-81.3546233,40.9697874",0.6
449,"-77.2297,38.9186",0.5625
450,"-73.976178,40.787181",0.35
451,"-0.1094,51.5141",0.45
452,"-0.01043,51.46167",0.125
453,"-87.9697,41.8772",0.12222222222222222
454,"-115.20159,36.10279",-0.25
455,"121.06328198,14.58753473",0.0
456,"-87.2457815,41.57432021",-0.2
457,"-1.46989346,52.91765398",0.018181818181818167
458,"-110.782,32.616",0.0
459,"-73.47935661,45.6677507",-0.03571428571428571
460,"-74.0064,40.7142",-0.15000000000000002
461,"-118.33845554,34.1009159",0.0
462,"-0.1033,51.5445",0.2522727272727273
463,"-78.6236,35.7068",0.0
464,"80.24405042,6.00929912",0.1107142857142857
465,"-44.2992,-2.5333",0.1
466,"-77.1961,38.8303",0.625
467,"-117.99260604,33.73288176",-0.2
468,"32.61944105,0.28604189",0.22083333333333333
469,"100.78222179,12.9211086",0.5
470,"-74.1924,40.8073",-0.04583333333333334
471,"-118.2445,34.0564",0.0
472,"-81.32806152,48.47593351",0.13636363636363635
473,"-117.1585,32.7155",0.11022727272727273
474,"3.39583,6.45306",0.0
475,"55.43650565,25.27106229",0.025
476,"-0.1094,51.5141",0.0
477,"18.41755,-33.91992",0.4083333333333334
478,"-86.114304,42.7753472",0.30000000000000004
479,"24,-29",-0.04768518518518519
480,"-73.99034,40.74264",0.2333333333333333
481,"3.35806,6.50917",0.3625
482,"-80.28091469,25.97734614",0.0
483,"25.32852121,37.44636873",-0.051851851851851864
484,"-74.0064,40.7142",-0.1
485,"-73.957021,40.645407",-0.2333333333333333
486,"-79.9958541,43.6841349",0.3666666666666667
487,"-73.56726563,45.63697547",0.0
488,"-73.95666837,40.77091422",0.0
489,"-66.039,45.29766",0.5
490,"-74.0007613,40.7207559",0.0
491,"-100,40",0.0
492,"73.08047471,19.14848873",0.0
493,"3.39583,6.45306",0.1
494,"8.5167,12",-0.2625
495,"-73.8806,40.756321",0.5
496,"-120.831,35.3111",0.0
497,"-117.69088,34.014496",0.2125
498,"-81.25,42.9833",0.3806818181818182
499,"-4.309626,55.852472",-0.6
500,"33.24166667,0.4675",0.0
501,"-79.33710916,43.66812671",-0.13
502,"-75.2215374,39.9544653",0.5
503,"-84.3889,33.7566",0.4464285714285714
504,"4.8820724,52.3536393",0.13
505,"-74.0112745,40.2175144",-0.095
506,"-73.68864938,41.32806452",0.6
507,"-0.1804971,51.585467",0.17045454545454544
508,"-74.0029427,40.73305952",0.05151515151515152
509,"108.869,25.6692",0.0
510,"-119.4366079,49.8200882",0.5121212121212121
511,"-106.59047127,35.173668",0.2372159090909091
512,"-80.249503,26.124354",0.225
513,"-0.08806835,51.51273463",0.0
514,"-95.6146355,30.0278713",0.37083333333333335
515,"-73.9697795,40.7593941",0.0
516,"-72.5981195,44.15253213",0.1148148148148148
517,"-117.56575232,33.88645979",0.22727272727272724
518,"-123.1598,49.3312",0.06944444444444442
519,"139.38485601,35.7456184",0.55
520,"-93.4608,44.8537",0.3111111111111111
521,"-0.12840271,51.50660558",0.31666666666666665
522,"-73.56725453,45.75975883",0.2
523,"0.58585882,51.57061738",0.0
524,"-1.80407728,54.98617541",0.03333333333333333
525,"4.8820724,52.3536393",0.13
526,"5.3,6.8",1.0
527,"-75.9786,36.8496",0.0
528,"-97.3358,37.6933",0.6785714285714286
529,"-122.026252,36.97205",0.0
530,"-73.95,40.65",0.13636363636363635
531,"-114.98553745,36.03548823",-0.025
532,"-0.1094,51.5141",-0.5
533,"-0.1094,51.5141",0.0
534,"-96.81037101,32.87454567",1.0
535,"14.45318,50.06859",-0.3333333333333333
536,"-2.03572338,51.49425337",0.0
537,"28.15,-26.3333",-0.25
538,"-77.06264985,38.86367903",0.18939393939393934
539,"-79.37566488,43.72138152",0.0
540,"-3.4664453,50.7422779",0.16666666666666666
541,"-86.66795,36.15126",0.2
542,"-87.632496,41.883222",0.05
543,"37.6156,55.7522",0.0
544,"-77.7986,34.2112",0.5
545,"-77.7986,34.2112",0.5
546,"-85.17349274,34.2369224",-0.2
547,"-118.40033,34.07347",0.378125
548,"-73.47935661,45.6677507",0.13636363636363635
549,"-75.3413,40.121",0.175
550,"-122.65051228,45.72518705",0.07800000000000003
551,"-81.21129,41.7473",0.04999999999999999
552,"-122.0772753,37.9828063",-0.1
553,"-80.29065352,25.78326718",0.521484375
554,"-118.248217,34.036681",0.0
555,"-83.7393,42.2745",0.27878787878787875
556,"-73.56725453,45.75975883",0.16666666666666666
557,"-73.84350331,40.74593584",0.0
558,"-73.914705,40.771374",0.0
559,"1.29620869,52.62843255",-0.06818181818181818
560,"115.25465012,-8.50057729",0.09523809523809523
561,"-77.03535,38.91718",0.1431818181818182
562,"-76.1856,36.9033216",0.2
563,"-74.0064,40.7142",0.13636363636363635
564,"-81.21840393,42.98260972",0.25
565,"-77.29909189,38.84382774",0.3790838068181818
566,"-84.38852,33.78615",-0.08333333333333333
567,"-84.36855,33.79885",0.3395833333333333
568,"106.76690807,-6.19477038",0.0
569,"145.05505439,-37.76005387",1.0
570,"-79.33710916,43.66812671",0.0
571,"-74.0007613,40.7207559",0.0
572,"-74.1849,40.7352",0.13636363636363635
573,"-122.42917416,37.80374014",0.05
574,"-114.199,51.0911",0.05000000000000001
575,"3.39583,6.45306",0.55
576,"12.90421854,41.46465991",0.7
577,"-59.5353359,13.05460484",0.35
578,"-82.998981,39.965999",0.0
579,"-79.12382,44.1062",-0.0625
580,"73.765013,18.592425",0.5
581,"-0.0726885,51.5512295",-0.08333333333333333
582,"-63.5735,44.6462",0.0
583,"72.8764,19.0627",0.24375
584,"-0.46369,52.13921",0.2556547619047619
585,"-77.0367,38.8951",0.0
586,"-156.38107292,20.916049",0.06875
587,"-0.14385223,5.63046411",-0.3
588,"-0.22691863,5.59756588",0.7
589,"-89.85916752,35.05082278",0.7125
590,"-2.9920578,53.40676897",-0.075
591,"-96.8361052,46.8628384",0.32333333333333336
592,"-90.33590071,38.74932691",0.6333333333333333
593,"-122.7598125,49.2468639",-0.375
594,"-80.8772,33.9042",0.15625
595,"0.06640992,51.41969483",0.0
596,"-75.1651,39.9527",0.0
597,"-88.74117745,34.22743788",0.4
598,"-93.2645,44.9774",0.0
599,"-1.28774,51.82112",-0.2
600,"-87.67,42.01",-0.02424242424242424
601,"-118.24263046,33.92331091",0.0
602,"72.8764,19.0627",0.6166666666666667
603,"-74.0064,40.7142",-0.12936507936507938
604,"0.50343058,51.38909874",-0.25
605,"-87.60509849,41.89186335",0.5
606,"54.33839114,24.472589",0.1366666666666667
607,"34.45,31.5167",0.125
608,"-117.84461793,34.01773542",-0.041666666666666664
609,"35.016,-15.788",0.0
610,"-73.9565551,40.6648278",0.0
611,"-115.17271399,36.08180036",0.6958333333333334
612,"-79.96405541,40.46696992",0.4416666666666667
613,"-1.75033242,53.7910778",0.0
614,"-7.25222,52.6542",0.245
615,"-81.46480793,28.46125067",0.29727272727272724
616,"-7.5,54.522",-0.16666666666666666
617,"-0.1313,50.8429",-0.075
618,"3.576,6.6128",0.2333333333333333
619,"-75.6944,45.4111",0.0
620,"-75.2678229,39.9265841",0.02083333333333336
621,"-117.52360778,33.82263921",0.0
622,"3.39583,6.45306",1.0
623,"55.2741,25.1994",0.0
624,"-88.0343,42.1102",0.0
625,"77.597645,12.971117",-0.125
626,"-64,-34",0.5
627,"-79.422,43.637",0.2
628,"-77.5817439,35.2640291",0.25
629,"-114.057,51.045",0.0
630,"-122.33365978,47.73205566",0.21428571428571427
631,"-87.7787,41.8728",0.4066666666666666
632,"-77.0854,38.8914",0.0
633,"-118.03407,33.97542",0.75
634,"34.45,31.5167",0.125
635,"0.06640992,51.41969483",0.0
636,"-75.1795,40.3192",0.2
637,"-75.1651,39.9527",0.0
638,"-73.8856,40.7451099",0.175
639,"-61.5224,10.6568",0.2272727272727273
640,"-74.0098,40.70643",0.16714285714285712
641,"-95.46240716,29.64574922",0.2833333333333333
642,"-119.51571885,49.78945323",0.2531746031746032
643,"-1.4700222,53.38085016",0.0
644,"-117.566,33.8753",0.0
645,"-118.454359,34.193978",0.041666666666666664
646,"-119.4615921,49.8994812",-0.2
647,"-73.56725453,45.75975883",0.23863636363636365
648,"80.9381,26.8388",0.0
649,"-88.13335631,41.94109681",0.10000000000000002
650,"-122.12481706,37.43177191",0.465
651,"-46.7527696,-23.58800235",0.0
652,"106.8233,-6.1803",0.8
653,"-76.8,17.9833",-0.3018518518518519
654,"12.90421854,41.46465991",0.7
655,"85.84,20.27",0.3089826839826839
656,"-5.84,54.59093333",0.6
657,"4.67,51.81",0.0
658,"-80.28091469,25.97734614",-0.16666666666666666
659,"-111.074249,45.6706102",0.0
660,"-122.43267934,37.76391602",0.0
661,"23.7167,37.9667",0.7782315340909091
662,"-73.56725453,45.75975883",0.16666666666666666
663,"-2.9920578,53.40676897",-0.075
664,"-104.98360001,39.7391",0.03749999999999999
665,"5.8325,51.82333333",0.2
666,"-75.74641407,39.62729428",0.21944444444444444
667,"-95.82333,29.78773",-0.1
668,"55.13975859,25.11197728",0.0
669,"-1.25467687,51.75418238",0.25
670,"4.42532,51.20521",0.0
671,"4.84969,52.50772",0.17857142857142858
672,"-73.56725453,45.75975883",0.12
673,"-73.0872,44.8097",0.625
674,"-105.06490629,40.49252319",0.0
675,"-122.3308,47.6046",0.015000000000000003
676,"-73.8669,40.85",0.13636363636363635
677,"-79.3911,43.6703",0.0612152133580705
678,"-79.3872,43.648",0.15757575757575756
679,"77.64949769,12.96562002",0.3444444444444444
680,"-80.24124513,25.72701629",0.25625
681,"-73.976178,40.787181",0.0
682,"-80.810534,35.220903",0.2
683,"10.1797,36.8028",0.07878787878787878
684,"-122.2046,47.9792",-0.625
685,"0.06640992,51.41969483",0.0
686,"-73.56725453,45.75975883",0.0
687,"-78.67424523,44.05344321",0.0
688,"-66.0792598,45.2849233",0.3121212121212121
689,"21.008333,52.232222",0.4
690,"-88.2435,40.1142",0.5
691,"-0.1094,51.5141",-0.05
692,"-73.56725453,45.75975883",0.1
693,"34.17639262,1.07385843",0.09168831168831168
694,"-85.6451,42.8692",-0.035
695,"-71.1375,42.45222222",0.7
696,"-0.20624,51.47486",0.6
697,"7.0642,4.8164",0.0
698,"-79.3278,43.6913",0.16666666666666666
699,"78.06,30.33",-0.04107142857142858
700,"-122.45754545,37.66061401",-0.375
701,"-117.202,33.5696",0.3
702,"-90.070864,29.948479",0.13636363636363635
703,"-79.7164011,43.7742911",-0.009090909090909094
704,"-66.5,18.25",1.0
705,"-76.68923826,39.33267183",0.16
706,"-98.5,29.4167",0.3333333333333333
707,"23.0063746,40.52458865",0.0
708,"-117.245449,32.748966",0.7
709,"-112.1001807,33.6024389",0.26666666666666666
710,"-63.61235,44.65347",-0.10611111111111113
711,"1.80811326,41.23578351",-0.05000000000000002
712,"-84.5596,39.3355",-0.17857142857142858
713,"-86.808759,33.507369",0.475
714,"-80.3547177,43.3930366",0.17777777777777778
715,"-91.14714905,30.44423537",0.125
716,"-0.52664839,51.88994716",0.0
717,"-98.22341,32.2113299",0.45
718,"-0.1094,51.5141",-0.3
719,"-156.675,20.8861",0.3666666666666667
720,"-79.32312,43.6723",-0.1875
721,"6.9246,51.5245",0.25
722,"-1.46989346,52.91765398",0.0
723,"-74.002705,40.720217",0.35
724,"10.7265558,45.4838226",0.16666666666666669
725,"26.1000824,44.42505175",0.0
726,"-118.2445,34.0564",0.037037037037037035
727,"-117.13345779,33.61126294",0.17367424242424245
728,"-107.32422,39.5476",0.0
729,"-83.69,43.01",0.0
730,"-118.38054013,34.07524132",0.09166666666666667
731,"-96.7977,32.7774",0.7000000000000001
732,"-79.36711963,43.84371001",0.5
733,"-117.35079711,33.21544535",-0.13541666666666666
734,"2.1683,41.3894",0.0
735,"48.1211215,29.0826043",0.0
736,"-87.65582,41.96939",0.0
737,"-81.39343,30.28759",0.15
738,"-118.40033,34.07347",0.375
739,"-118.248217,34.036681",-0.050446428571428566
740,"-87.70789,41.92514",0.25
741,"-63.8934065,46.4667676",0.0
742,"-84.3814614,33.93170049",0.1
743,"21.008333,52.232222",0.0
744,"-1.20455191,50.59418789",0.0
745,"-76.7587,40.266",0.0
746,"-122.3308,47.6046",0.0875
747,"-122.18589195,47.73999023",0.0
748,"76.4978,10.6714",0.4666666666666667
749,"-96.7302371,43.5473579",-0.05
750,"-72.08900054,41.54239651",-0.1875
751,"10.1797,36.8028",-0.10740740740740744
752,"-79.3278,43.6913",0.0
753,"-2.934,53.429",0.0
754,"-73.994641,40.763744",0.125
755,"-95.3694,29.7602",0.1
756,"-97.73549055,30.26585335",0.0
757,"72.8764,19.0627",0.0
758,"-75.3950226,40.5366959",0.3840909090909091
759,"-6,32",0.32904761904761903
760,"-116.45,38.05",0.2
761,"-122.82934,49.28242",0.21428571428571427
762,"-122.438569,37.764425",0.0
763,"-87.72158,41.83108",0.2
764,"34.45,31.5167",0.125
765,"-104.98360001,39.7391",0.1375
766,"-2.18168736,52.2367097",0.0
767,"58.5367,23.6039",0.0
768,"1.752838,52.476626",0.5
769,"51.44812963,25.35759909",1.0
770,"-72.7,41.6",0.0
771,"-104.9006,40.4771",0.4
772,"-87.632496,41.883222",-0.3125
773,"-73.56726563,45.63697547",-0.0090909090909091
774,"-80.42472837,25.61984532",0.06190476190476193
775,"-0.08241467,51.50966986",0.0
776,"-86.5963,34.7123",0.5
777,"-1.47676,51.2065",0.0
778,"-0.20158,51.65647",0.3
779,"-73.9479056,40.78308883",0.0
780,"-80.1936,25.7751",0.325
781,"-122.20511,47.47515",0.02714285714285716
782,"-81.0952,32.0702",0.0
783,"-79.3278,43.6913",0.3
784,"0.54278312,50.8511303",0.25
785,"-79.3278,43.6913",0.0
786,"-79.3872,43.648",0.11409090909090905
787,"-85.2673,35.0455",0.1965909090909091
788,"-64.80138889,32.2975",0.275
789,"2.19037,41.39716",0.0
790,"-1.8987,52.4806",0.2
791,"-79.3278,43.6913",0.0
792,"-0.46369,52.13921",-0.08
793,"-75.96226,42.10537",0.0
794,"-74.0064,40.7142",0.20984848484848484
795,"-0.54092646,52.39173352",0.0
796,"-79.3872,43.648",0.11409090909090905
797,"-74.96290392,40.13945169",-0.09999999999999998
798,"-122.419,37.7793",0.3
799,"6.9246,51.5245",0.25
800,"-74.003535,40.724492",0.0
801,"25.78331701,71.16944388",-0.13999999999999993
802,"-123.14913241,49.27258037",0.3857142857142857
803,"-97.8279,30.5214",-0.125
804,"-94.162,45.5596",0.175
805,"-79.8583169,36.12761436",0.0
806,"-72.33,19.1",0.14
807,"-105.5029988,44.2847783",0.3333333333333333
808,"-74.0064,40.7142",0.07777777777777779
809,"-74.0064,40.7142",0.0
810,"-86.8604722,36.15021649",-0.06785714285714288
811,"0.58585882,51.57061738",0.0
812,"1.07561,51.27597",0.1875
813,"-118.338,34.1787",0.0
814,"-120.853,35.379",0.125
815,"138.59884,-34.9256",0.4055555555555556
816,"-4.309626,55.852472",-0.05
817,"151.15570095,-34.05115838",0.06818181818181818
818,"-2.50153743,52.63162952",0.0
819,"-157.7921882,21.2889542",0.1488888888888889
820,"-79.3278,43.6913",0.2
821,"-123.1204,49.2819",0.35
822,"6.13415,46.23268",0.0
823,"-122.43310406,37.7638855",0.12555555555555553
824,"3.39583,6.45306",0.4
825,"-117.53282025,34.11145234",0.0
826,"36.81666667,-1.28333333",0.0
827,"-79.50354109,43.77141027",0.3333333333333333
828,"-80.2837,26.1513",0.016666666666666666
829,"-122.3772278,47.8091393",0.4657142857142858
830,"-117.566,33.8753",0.0
831,"-0.1094,51.5141",0.6000000000000001
832,"-93.2604,44.96861",0.26666666666666666
833,"-10.8047,6.31056",0.0
834,"40.91489095,-2.29422289",0.25
835,"-74.35667,41.33142",0.13636363636363635
836,"-0.11501826,5.69533101",0.0
837,"-79.44217537,43.95078221",0.0
838,"7.4833,9.0667",-0.4
839,"-111.8693414,40.5784991",0.5
840,"-1.8987,52.4806",-0.15
841,"-110.954,29.0989",0.1125
842,"-72.8695985,41.4574359",0.2398148148148148
843,"-74.0064,40.7142",0.11875
844,"-82.2519654,40.61832937",-0.07777777777777779
845,"-1.31667,51.0167",0.3125
846,"-75.07065,38.36918",0.125
847,"-71.4563,41.86",0.0
848,"-80.21006984,25.79260306",-0.12291666666666667
849,"85.7307033,20.3218747",0.04999999999999999
850,"-79.3329,43.70011",0.0
851,"-115.20479,36.09289",0.0
852,"-73.8531,40.7493",0.0
853,"-4.4229128,55.8332816",0.5
854,"-113.4666405,53.606321",0.3356060606060605
855,"-110.954,29.0989",0.07159090909090908
856,"-73.56725453,45.75975883",-0.6999999999999998
857,"-84.53821589,33.86937126",0.05833333333333333
858,"34.3025,31.3439",0.0
859,"-118.25,34.05",0.3444444444444445
860,"23.46624237,-33.96620469",-0.01861111111111112
861,"-123.031063,45.285462",-0.078125
862,"-78.9624979,36.2523499",0.4166666666666667
863,"-106.29187481,31.73293597",0.6216145833333333
864,"-63.5677,44.6668",0.0
865,"-81.3898456,28.5408855",0.3555194805194805
866,"-79.3872,43.648",0.55
867,"-87.621535,41.8950365",0.19642857142857145
868,"-80.2837,26.1513",0.016666666666666666
869,"-110.954,29.0989",0.04999999999999999
870,"-90.0524,35.1426",-0.25
871,"-0.92323372,52.22171941",0.0
872,"-2.3321242,53.4192158",0.0
873,"-104.86194966,38.84696825",0.19545454545454544
874,"-117.1585,32.7155",0.1952380952380952
875,"-106.04455154,39.48227352",0.06818181818181818
876,"-1.6167,6.6667",0.0
877,"-78.6349,35.7781",0.3638888888888889
878,"-121.90803863,37.40861591",-0.15625
879,"-84.3197,46.5215",0.0
880,"151.1786,-33.8978",0.0
881,"-97.77118,30.24837",0.04242424242424242
882,"144.9661,-37.8156",0.6299999999999999
883,"-73.6582,40.5886",0.2371212121212121
884,"3.576,6.6128",0.16666666666666666
885,"-73.56725453,45.75975883",-0.08333333333333333
886,"-111.945848,33.36862",0.225
887,"-0.92782839,53.3163619",0.50323486328125
888,"-77.03655,38.89768",0.0
889,"-122.66734,45.41973",0.2333333333333333
890,"-156.58204079,20.79466388",0.2
891,"-79.3514299,43.66549",0.0
892,"-0.52664839,51.88994716",0.0
893,"-70.2663,43.6587",0.5741071428571429
894,"-117.89930929,33.74048893",-0.06666666666666668
895,"-97.3332,32.7574",0.44508928571428574
896,"-71.0193,42.0794",0.25
897,"-73.90121779,40.74513554",0.8
898,"-96.6216812,32.7349701",0.1866666666666667
899,"-73.84792238,42.68825377",0.028787878787878782
900,"-117.81902036,34.05422969",-0.125
901,"172.63390303,-43.53414494",0.0
902,"12.5632115,55.68634541",0.0
903,"-122.59861,49.2192",0.5
904,"3.20117848,6.4640194",0.5499999999999999
905,"-77.95803567,44.30708153",-0.6
906,"121.04492,14.48883",0.265
907,"-79.7164011,43.7742911",0.0
908,"-83.1773,42.2501",-0.2
909,"-97.3332,32.7574",0.44508928571428574
910,"-77.0367,38.8951",-0.05555555555555555
911,"-121.89392,37.34977",0.375
912,"-122.28988441,37.82841475",0.125
913,"-73.56725453,45.75975883",0.0
914,"-81.32806152,48.47593351",0.0
915,"-79.3872,43.648",0.0
916,"-81.590806,28.269345",-0.2638888888888889
917,"-2.6666268,53.46568771",0.0
918,"-97.3332,32.7574",0.44508928571428574
919,"153.0356,-27.45825",0.45
920,"-0.07939436,51.47496745",0.06571428571428573
921,"-122.675,45.5236111",0.0
922,"-0.61128817,51.70562364",0.0056818181818181785
923,"-74.00589108,40.71270142",-0.6999999999999998
924,"-95.3694,29.7602",0.3125
925,"-73.56726563,45.63697547",0.25
926,"-73.94428582,40.63045633",0.0
927,"-10.223808,51.948286",0.1
928,"-122.82934,49.28242",-0.125
929,"-117.58031816,33.8825518",0.0
930,"-122.227,47.3827",0.15656565656565655
931,"-90.27727017,38.5936899",-0.038095238095238106
932,"-71.1681088,42.3227418",0.0
933,"-73.56725453,45.75975883",0.2333333333333333
934,"77.219672,28.631747",0.35
935,"-118.87769112,34.18278465",0.625
936,"-73.98348677,40.73460209",0.13636363636363635
937,"-118.37158,34.02692",0.04166666666666667
938,"-79.3514299,43.66549",0.0
939,"-3.46456672,50.58070225",0.0
940,"-86.66061,36.6092",0.025000000000000005
941,"-73.87967189,40.86889269",0.0
942,"-84.13675419,33.6987155",0.36818181818181817
943,"-0.07524401,51.50565731",0.00416666666666667
944,"-95.713652,29.782991",-0.975
945,"-123.121,49.2842",0.4333333333333333
946,"174.65248472,-36.75656286",0.011428571428571432
947,"5.96524,52.00815",0.425
948,"-77.10333434,39.01646995",0.0
949,"-121.8865,37.3376",0.5
950,"-85.6562,30.1602",0.0
951,"11.1,43.8833",0.1875
952,"-97.3332,32.7574",0.44508928571428574
953,"-114.14460776,51.10592925",0.0
954,"-117.82171266,33.56644663",0.25
955,"-84.63385958,33.57477353",0.675
956,"-118.40315559,33.86165915",0.029166666666666657
957,"-73.56725453,45.75975883",0.0
958,"-118.384,34.0847",0.2
959,"-73.8558755,40.8270241",0.07500000000000001
960,"-82.97482867,42.28596284",0.0
961,"-118.122,34.0975",0.0
962,"0.61300278,51.65148181",0.0
963,"-73.7432,42.6672",0.25
964,"-117.826,34.6168",0.2333333333333333
965,"-80.609158,28.078135",0.1375
966,"11.1,43.8833",0.1875
967,"-73.95666837,40.77091422",0.0
968,"-53,-11",0.0
969,"-1.53536081,52.28424286",0.0
970,"-87.9025,30.52758",0.4
971,"-73.84350331,40.74593584",0.1
972,"-118.248217,34.036681",-0.08333333333333333
973,"-105.2040992,39.7047288",0.0
974,"-118.268892,34.094365",0.075
975,"-90.0524,35.1426",0.14666666666666667
976,"-73.8309,40.7",0.13636363636363635
977,"-89.99135,35.12093",0.5285714285714286
978,"-115.149,36.1675",0.06688311688311688
979,"-117.5655,33.8752",0.0
980,"-79.7360099,40.60571",0.0
981,"-73.56725453,45.75975883",0.0
982,"-2.47441794,5.04777744",0.0
983,"-157.74971043,21.40368666",-0.0625
984,"-73.95666837,40.77091422",0.0
985,"0.38180977,51.79198836",0.0
986,"-79.65,43.6",0.4000000000000001
987,"106.8294,-6.1864",0.5037878787878788
988,"0.37338294,50.81937006",0.0
989,"-81.32806152,48.47593351",0.3
990,"-73.56725453,45.75975883",0.0
991,"-74.0064,40.7142",0.13636363636363635
992,"7.42936372,8.96389499",0.0
993,"-70.8137954,42.9051904",0.125
994,"151.20797,-33.86751",-0.075
995,"-88.23188782,40.10046288",0.34375
996,"-74.2738,40.5093",0.3472727272727273
997,"-96.713632,32.912788",0.0
998,"-117.35079711,33.21544535",-0.0625
999,"121.029,14.5569",0.10714285714285714
1000,"-1.139501,51.569859",0.125
1001,"110.41819846,-6.98981423",0.45
1002,"-121.90803863,37.40861591",-0.15625
1003,"-79.36015194,45.05788012",0.003787878787878785
1004,"-40.28242585,-20.26544116",0.05
1005,"-77.0253942,38.9394646",-0.33
1006,"-20.33648729,64.22508556",-0.15833333333333333
1007,"78.32421789,17.48878261",0.0
1008,"-117.202,33.5696",0.38
1009,"-118.05083333,34.16472222",0.2
1010,"-74.25888889,40.74777778",0.1640451388888889
1011,"-85.2673,35.0455",0.0
1012,"-78.94423485,36.00009069",0.1
1013,"151.20797,-33.86751",0.0
1014,"-83.164623,42.552389",0.0
1015,"-87.655198,41.965808",0.07916666666666668
1016,"115.859,-31.9522",0.2333333333333333
1017,"-79.7164011,43.7742911",0.06818181818181818
1018,"-84.36308,39.19008",0.4214285714285714
1019,"122.07952242,6.91513725",0.725
1020,"-0.1433254,51.5135655",0.0
1021,"77.219672,28.631747",0.0
1022,"-123.1204,49.2819",-0.16666666666666666
1023,"-118.779,34.0304",0.10000000000000002
1024,"-0.1433254,51.5135655",0.0
1025,"6.13418541,46.23290052",0.0
1026,"-80.08205,42.12087",0.45
1027,"-64.87169,32.29795",0.0
1028,"-122.34777778,37.93583333",-0.04532828282828283
1029,"-84.382171,33.782261",-0.2
1030,"-75.04376563,41.10485965",0.5
1031,"-73.9675,40.7779",0.02159090909090909
1032,"-73.56725453,45.75975883",0.11666666666666667
1033,"7.42936372,8.96389499",0.0
1034,"-73.56726563,45.63697547",0.07878787878787878
1035,"100.897534,12.95200312",0.25
1036,"77.35,11.1",0.125
1037,"125.6110682,7.0907168",0.0
1038,"0.05173177,52.28036162",0.33
1039,"-73.47935661,45.6677507",0.16818181818181818
1040,"-58.5337,-34.4641",-0.125
1041,"-84.13675419,33.6987155",0.3806818181818182
1042,"-80.613,28.331",-0.080952380952381
1043,"-77.02541363,38.93946847",0.15795454545454546
1044,"-74.0064,40.7142",0.04545454545454545
1045,"-81.3775,28.5421",-0.06145833333333334
1046,"55.35676909,25.12200625",-0.4318181818181818
1047,"-99.1332,19.4326",0.375
1048,"-96.713632,32.912788",0.0
1049,"-118.38284561,34.08621976",0.2
1050,"-85.33943653,35.01889975",-0.1148148148148148
1051,"106.9833,-6.2646",0.0
1052,"-85.2673,35.0455",0.625
1053,"-97.3332,32.7574",0.35
1054,"3.39583,6.45306",0.0
1055,"-75.7,45.4167",0.0
1056,"112.743,-7.2647",0.13636363636363635
1057,"-77.0254092,38.9394955",0.0
1058,"-117.23718882,32.87043322",0.0
1059,"-122.40747929,37.78789485",0.4857142857142858
1060,"-123.40553108,48.64835839",-0.00833333333333334
1061,"-116.208663,43.632116",0.0
1062,"-122.35491,47.51622",0.125
1063,"-123.961,45.8892",-0.05499999999999998
1064,"146.33087,-41.38452",0.375
1065,"77.6142258,13.1290872",-0.075
1066,"153.36397,-27.87755",0.13333333333333333
1067,"-93.3274895,41.45591478",0.009523809523809526
1068,"-84.23318281,33.68529597",-0.013888888888888886
1069,"138.95258549,-34.57150584",0.5166666666666666
1070,"77,21",0.0
1071,"-80.28091469,25.97734614",0.0
1072,"-76.985252,38.889136",-0.02777777777777779
1073,"-77.18088831,39.10843902",0.890625
1074,"-79.7164011,43.7742911",0.21212121212121213
1075,"-73.85886026,40.73640034",-0.19097222222222224
1076,"-0.13608912,51.50413561",0.20909090909090908
1077,"120.9742704,14.4410027",-0.1638888888888889
1078,"-80.85617781,35.24332339",0.0
1079,"101.716,3.10718",0.6
1080,"73.11018335,19.29264681",0.0
1081,"-58.51909261,-34.85204083",0.0
1082,"127.64919152,26.20783222",0.06666666666666668
1083,"-58.51909261,-34.85204083",0.0
1084,"-80.36079,26.06923",0.25
1085,"-78.1305,33.9163",0.2
1086,"-117.2933,34.44275",0.58
1087,"-77.00068474,38.91955517",0.022727272727272724
1088,"76.4978,10.6714",0.4666666666666667
1089,"-0.39816856,51.36702146",0.0
1090,"-80.28091469,25.97734614",-0.16666666666666666
1091,"72.38974642,23.62162162",0.5
1092,"-79.35310661,43.66579404",0.0
1093,"-81.779,26.3396",0.16666666666666666
1094,"-86.06472022,39.65285887",0.07916666666666668
1095,"-86.77872,36.1621",0.0
1096,"-71.8,42.3",-0.1
1097,"139.695,35.6716",0.0
1098,"-117.42013971,33.7270499",0.5583333333333333
1099,"-74.0064,40.7142",0.35
1100,"-121.8865,37.3376",0.65
1101,"77.3882457,28.5464906",0.2272727272727273
1102,"-100.983,25.4333",0.0
1103,"-77.0266,38.9916",0.0
1104,"84.9151306,26.6516991",-0.17777777777777778
1105,"77.597645,12.971117",0.65
1106,"-73.84325,40.87102",1.0
1107,"126.977,37.5689",0.21904761904761905
1108,"-121.81450325,47.86210122",0.14814814814814814
1109,"-119.15,34.36",0.08181818181818183
1110,"-73.56725453,45.75975883",0.7
1111,"121.037,14.6439",0.390625
1112,"-58.51909261,-34.85204083",0.0
1113,"-97.1145,32.739",0.0
1114,"-111.789,33.35",0.15227272727272728
1115,"-96.62393063,40.78381518",0.0
1116,"-86.77763,36.16042",0.5
1117,"-122.1633,37.4441",0.5
1118,"146.083,-37.05",-0.0625
1119,"-76.614,39.2944",0.0
1120,"-74.050665,40.745852",-0.05
1121,"136,35",-0.07777777777777779
1122,"-80.28091469,25.97734614",-0.16666666666666666
1123,"-81.3217299,28.259016",0.0
1124,"-82.78302505,27.92851243",0.0
1125,"-74.0064,40.7142",0.1023809523809524
1126,"-81.56596745,30.21523914",0.5687500000000001
1127,"-95.28222,29.65769",0.1431818181818182
1128,"78.0333,30.3167",0.3375
1129,"83.40262949,26.74940918",-0.25185185185185177
1130,"-79.35310661,43.66579404",0.0
1131,"-118.34898591,34.10531092",0.16666666666666666
1132,"-87.4804,41.5957",0.0
1133,"-84.3889,33.7566",0.32
1134,"-81.26509,28.80826",0.8
1135,"-87.4804,41.5957",0.25
1136,"-73.8309,40.7",0.13636363636363635
1137,"-88.1066823,41.541259",-0.09375
1138,"-73.56726563,45.63697547",0.14431818181818182
1139,"-77.027892,38.8922249",0.7
1140,"144.9695572,-37.809087",0.353125
1141,"-86.06472022,39.65285887",0.07916666666666668
1142,"72.6167,23.0333",0.2888888888888889
1143,"-70.9997,42.2096",0.55125
1144,"-98.32446098,26.0692157",0.8
1145,"103.856,1.29306",0.65
1146,"103.856,1.29306",0.006250000000000006
1147,"120.593,16.4164",0.0
