,long,score,lat,n
0,-1.95801868,0.8288535859564139,51.70438426,10
1,-87.632496,0.3235937808795966,41.883222,10
2,-118.1938,0.4665010042334535,33.7692,10
3,-80.1418,0.09846278752617828,26.1358,10
4,144.96469,0.4739719458715758,-37.8121099,10
5,3.56497664,0.7380298587484138,6.46869909,10
6,77.30498398,0.751251142422686,28.50676735,10
7,27.8635755,0.3324726990627741,-32.9911514,10
8,77.0110092,0.21381938700776762,20.7124805,10
9,-88.096389,0.29767044534197235,41.529167,10
10,18.47366533,0.4089447148574608,-34.06068333,10
11,-118.3339186,0.48996481408903264,34.08347674,10
12,1.6762,0.5503360739396916,52.32817,10
13,36.81268742,0.6172214564234295,-1.3114538,10
14,3.357249,0.8817968770246637,6.504751,10
15,145.05118108,0.6151102394844992,-38.22657429,10
16,-73.56725453,0.33334515963697015,45.75975883,10
17,-73.56725453,0.5097362666113564,45.75975883,10
18,8.64929893,0.6138138007895456,44.74346078,10
19,139.620684,0.3832271461139014,35.705193,10
20,123.7597136,0.6390238256031672,10.20725944,10
21,151.70629978,0.7430938995693278,-32.88920957,10
22,-100.3189,0.17869538739551272,25.6714,10
23,-0.11404,0.6488738257310944,51.46221,10
24,7.2768105,0.40398254338007267,9.1034145,10
25,88.3699,0.6435266241715815,22.5697,10
26,-73.56725453,0.29197317720331345,45.75975883,10
27,-117.86996,0.7399958128633182,33.59552,10
28,103.8022186,0.7085907286243882,1.2813938,10
29,-122.419,0.4611891174170234,37.7793,10
30,74.23716676,0.525217414041262,31.35283212,10
31,-6.60953,0.19847893869851066,54.75552,10
32,77.30809,0.4568933768761311,23.268888,10
33,135.76647528,0.3441678860066909,35.00542084,10
34,-95.34642,0.48734952999852343,29.7007,10
35,35.112,0.5656196304291237,31.7691,10
36,28.1049,0.09261215317056194,-25.9956,10
37,72.8764,0.5725204916893064,19.0627,10
38,100.67705078,0.3721630597627677,13.76598429,10
39,144.9630576,0.7249659707581444,-37.8136276,10
40,-0.1094,0.6088997469352005,51.5141,10
41,18.40874081,0.5162017682197003,-33.90751277,10
42,-73.8309,0.3660206509901509,40.7,10
43,100.49353003,0.2581017805249635,5.14794197,10
44,36.0591044,0.6856293011578057,-0.2876357,10
45,77.219672,0.7522816336569651,28.631747,10
46,101.5203,0.5596907621796052,3.0662,10
47,-73.8309,0.6848100222210842,40.7,10
48,-82.45222222,0.4362884203615097,28.00527778,10
49,151.70629978,0.7430938995693278,-32.88920957,10
50,-73.56726563,0.5017882084588012,45.63697547,10
51,-3.68333,0.6982446218285315,40.4,10
52,-73.56725453,0.6067700446251443,45.75975883,10
53,-0.77620106,0.20122580068770174,53.39368289,10
54,145.2590815,0.6849618149650532,-37.9966985,10
55,-6.5,0.8820513245627298,53.83333333,10
56,-1.26079,0.6588295523164888,52.37036,10
57,139.702227,0.6281920639299379,35.748162,10
58,-111.074249,0.4217760972051151,45.6706102,10
59,-2.32993,0.49416190318083414,52.11144,10
60,-121.5705372,0.4432796783428289,37.00748787,10
61,153.03283453,0.6888287025851213,-27.54767912,10
62,-118.3885,0.5138362236631497,33.8492,10
63,-118.2445,0.5885765714980117,34.0564,10
64,88.3699,0.6835470675178974,22.5697,10
65,47.9783,0.3768336847389267,29.3697,10
66,-93.23706404,0.2487303568425825,44.94941659,10
67,-0.13355317,0.8221658691415704,51.49594393,10
68,73.06521592,0.5014933295128924,33.69386247,10
69,138.57303458,0.6561220463979918,36.44614881,10
70,21.008333,0.47273995965446175,52.232222,10
71,-73.56725453,0.5580533696109207,45.75975883,10
72,116.54,0.7610788890660526,40.1008,10
73,75.8655,0.6223554591514773,22.7253,10
74,-115.38,0.9075714557418556,32.8119,10
75,121.0992002,0.4741091160690522,14.6329111,10
76,75.8655,0.5137032503242736,22.7253,10
77,-0.09428155,0.6077446610051123,51.48399866,10
78,77,0.48615472468185617,21,10
79,144.9661,0.6915851006496305,-37.8156,10
80,-123.11549122,0.5481516440882802,49.27083915,10
81,10.1797,0.8784814174074843,36.8028,10
82,91.77,0.4129197520936496,26.14,10
83,88.3474,0.620192044791491,22.50116,10
84,-73.56726563,0.13181510325337437,45.63697547,10
85,151.20797,0.530888027779413,-33.86751,10
86,153.028,0.4679089340644146,-27.4678,10
87,3.39583,0.643269237997393,6.45306,10
88,-0.77616554,0.20122580068770174,53.39367443,10
89,-114.615,0.5918365490289434,32.6921,10
90,44.51361,0.3034644567828347,40.18111,10
91,-118.2675,0.46353023794942144,34.09444444,10
92,135.76890618,0.3441678860066909,35.00984255,10
93,-73.78297163,0.45470820856583893,40.7127028,10
94,86.15,0.5561627731115294,23.67,10
95,135.15931921,0.4182989932777586,34.66904339,10
96,-1.13215266,0.41991246217476136,53.95974111,10
97,101.6274941,0.496324500266053,3.18687438,10
98,13.2667,0.4924169011489752,52.75,10
99,77,0.5056219195914412,21,10
100,3.39583,0.7344465523325022,6.45306,10
101,151.20797,0.27814580671315076,-33.86751,10
102,-100,0.6445297765979553,40,10
103,-82.5,0.6098712832820863,40.5,10
104,34.44928424,0.6714979987340912,49.51024935,10
105,-73.56725453,0.6036758346240885,45.75975883,10
106,-2.25,0.3276101584845465,52.78333333,10
107,13.401251,0.713356676588857,52.518391,10
108,7.0698677,0.7203468852057374,6.2281539,10
109,-0.50248222,0.41942248216673533,51.36871946,10
110,91.8574785,0.3459392494164689,22.3175859,10
111,-4.629734,0.3458245800004544,54.08989,10
112,-118.364,0.5771556496354078,33.7582,10
113,-0.9037,0.2864645788927319,51.53613,10
114,-118.2445,0.42837523219637924,34.0564,10
115,-0.15277778,0.47666667488646247,50.82777778,10
116,-0.1094,0.8158550760517917,51.5141,10
117,55.2749789,0.5319018109312194,25.19496455,10
118,-4.57351,0.6283432635221482,36.59515,10
119,-0.01617908,0.5784496738764685,51.5445469,10
120,121.0434893,0.7719138237579122,14.70223192,10
121,-73.98504561,0.6596192627654031,40.75900143,10
122,50.66527778,0.5033997251071803,26.29111111,10
123,-1.17484,0.7028671291649722,54.46427,10
124,116.06018633,0.5066074979046051,-31.77469094,10
125,-3.0447,0.21497431935298716,53.815,10
126,121.0826,0.8047168972801769,14.563,10
127,-0.16205243,0.37566278320037017,51.54600832,10
128,3.35004343,0.6423470661014702,6.58125476,10
129,-82.5,0.5490740756466679,40.5,10
130,-5.1109,0.508257912062471,55.4419,10
131,-86.2514,0.5436317491763375,12.1364,10
132,-0.0643,0.7828783605179225,51.47995,10
133,-95.52729067,0.7722264161933734,29.68436371,10
134,0.46072446,0.6191019563175336,51.56944648,10
135,-117.251,0.21259762248079683,34.0484,10
136,-74.0032361,0.5813881355986887,40.6497944,10
137,78.001152,0.4352216493529915,27.1899509,10
138,-121.4947,0.5764910014778956,38.577,10
139,100.75572961,0.5528170501173512,13.61570086,10
140,153.028,0.5416794241643443,-27.4678,10
141,18.42175373,0.5271623525144812,-33.92436976,10
142,88.3699,0.25845659103748914,22.5697,10
143,121.083,0.6507332460196317,14.3333,10
144,151.20797,0.3910059886335252,-33.86751,10
145,121.083,0.6644249295956377,14.3333,10
146,72.8764,0.3280583114299408,19.0627,10
147,106.79966,0.6736110871835748,-6.25493,10
148,-1.3733448,0.6009599980822337,50.9195238,10
149,77.219672,0.5636780943555817,28.631747,10
150,-79,0.10603523677189358,37.5,10
151,100.27267266,0.5226457654585721,6.42822355,10
152,89.6365,0.4475623657341389,27.42030322,10
153,3.31174928,0.5790532346507402,6.50596967,10
154,83.97424,0.3690535642984552,21.46534,10
155,72.8501122,0.5885729350820033,19.0566854,10
156,72.82,0.3510486624919591,18.96,10
157,-0.75539,0.027969217319385863,51.2938,10
158,151.20172011,0.758072621698056,-33.87124307,10
159,103.856,0.6807206109475276,1.29306,10
160,-2.25002,0.3814187710995525,52.38833,10
161,151.20797,0.41270119787786447,-33.86751,10
162,77.219672,0.6360705669103347,28.631747,10
163,121.0335388,0.16417124445773548,14.4086103,10
164,54.49927804,0.647481338558238,24.35006116,10
165,-1.15946732,0.3043140496325659,50.65433016,10
166,3.39583,0.6110111612066218,6.45306,10
167,76.13070022,0.3848762989018205,34.5542402,10
168,-2.99521308,0.4568716943482585,53.42583651,10
169,-8.47,0.6836370259333362,51.8972,10
170,-0.17086208,0.16893705740116485,51.46530083,10
171,151.20797,0.2760403414744225,-33.86751,10
172,-13.2344,0.166039513389951,8.4844,10
173,-100,0.6110561010498962,40,10
174,54.49927804,0.6191861270541413,24.35006116,10
175,-0.1280728,0.4756950017818122,51.50806635,10
176,83.4,0.522990228422469,19.58333333,10
177,77.2006129,0.6956464139547021,28.6344046,10
178,-0.1094,0.379165485410034,51.5141,10
179,113.921327,0.5906995651325921,-0.789275,10
180,13.42104046,0.5000247017404552,52.50141902,10
181,33.03897858,0.3486433195504045,34.67597622,10
182,77.597645,0.016779531253701095,12.971117,10
183,77.20017487,0.6956464139547021,28.63399358,10
184,151.20797,0.5697791421925539,-33.86751,10
185,-73.56725453,0.564415858676462,45.75975883,10
186,151.27449,0.8195337803868649,-33.88998,10
187,32.58118793,0.48663945069386155,0.31067586,10
188,101.4477,0.662484701237595,3.0412,10
189,-123.04986139,0.6820520642446949,49.22826439,10
190,-95.52729067,0.6408086784643664,29.68436371,10
191,-0.1094,0.5763340972284816,51.5141,10
192,69.1661,0.630582276426456,34.5331,10
193,174.05733058,0.5543511359221841,-35.27652333,10
194,7.0642,0.5235852463706103,4.8164,10
195,-71.03488327,0.375603855501811,42.37592487,10
196,-0.08751512,0.5243795001100967,51.50819489,10
197,-88.0003955,0.4074217494521361,41.6650221,10
198,4.8982,0.5830217357271905,52.3769,10
199,21.008333,0.4265106141053973,52.232222,10
200,-81.8571,0.5801111764870501,26.6318,10
201,32.5811,0.44241203406788554,0.3136,10
202,18.40874081,0.6072149159402734,-33.90751277,10
203,21.008333,0.3074744860618568,52.232222,10
204,-2.185,0.7639486496043645,52.257,10
205,138.6,0.7612620606692457,-34.9288,10
206,-73.56725453,0.4906899167621761,45.75975883,10
207,-0.1094,0.43692075993026375,51.5141,10
208,7.16666667,0.33132660752013354,8.83333333,10
209,-85.2667,0.5376148519184275,10.4333,10
210,-79.7164011,0.5378033778863132,43.7742911,10
211,-83.0677,0.16078699703332844,40.2987,10
212,-73.56725453,0.4043296554034236,45.75975883,10
213,77.2922332,0.5625090400433345,28.6362211,10
214,73.12688889,0.4260517523222159,19.24116567,10
215,-73.56725453,0.44854343267730196,45.75975883,10
216,-93.2645,0.6142882005910966,44.9774,10
217,85.84,0.45972965475425365,20.27,10
218,35.64132288,0.4326866760084091,33.99302577,10
219,106.8233,0.8385225857265919,-6.1803,10
220,12.37141461,0.548534787174883,51.44305877,10
221,-74.440827,0.4527041826255312,40.5096546,10
222,74.87732,0.6402747198823749,31.67012,10
223,85.30698649,0.37509013828187865,27.72071167,10
224,77,0.6025389009934462,21,10
225,29.10063503,0.45725475606870863,40.98145615,10
226,55.3651215,0.8107320418448304,25.3056957,10
227,-73.722999,0.6166515186912199,40.687999,10
228,0.52550292,0.09992607416865791,51.6028586,10
229,-1.46989346,0.6472157792366845,52.91765398,10
230,-1.8581826,0.8239350484199953,53.8218802,10
231,-2.1405432,0.438248079930303,53.4038761,10
232,-2.69348,0.29249611231880596,53.69532,10
233,144.90085,0.6008790718766167,-37.80015,10
234,7.9325,0.6613566348674681,5.0248,10
235,-73.73022,0.39880634743490867,45.43897,10
236,6.9774126,0.09289500016296563,4.8228618,10
237,84.9151306,0.4253614201209949,26.6516991,10
238,-123.04986139,0.5656513592947727,49.22826439,10
239,78.0853,0.7761482746656406,17.6247,10
240,-74.0007613,0.40740026384215056,40.7207559,10
241,16.41560835,0.5138261692375418,48.1739745,10
242,-73.56726563,0.6944818820691819,45.63697547,10
243,26.09802246,0.7184479375103259,44.42652286,10
244,28.1869,0.5362030725650571,-25.7533,10
245,-0.09827,0.3817316036395878,51.53362,10
246,-73.57928,0.606541643427272,41.73841,10
247,-0.13608912,0.6708942987664777,51.50413561,10
248,-72.3911,0.6307347774737735,41.3533,10
249,-75.72594,0.4814850918830223,45.40225,10
250,77.2922332,0.5625090400433345,28.6362211,10
251,34.7667,0.4782317228143736,32.0667,10
252,-74.0064,0.6256284582475612,40.7142,10
253,77.58438,0.4672314024017286,12.93284,10
254,-70.74281216,0.7803599730981938,43.10384993,10
255,73.79428,0.6123995227009574,18.13148,10
256,24,0.5705125262675597,-29,10
257,-2.99521308,0.4742735638844759,53.42583651,10
258,77.27617188,0.5013360171501645,28.53861577,10
259,-0.1094,0.36002299100137936,51.5141,10
260,-1.44092141,0.9046265096864144,54.00433749,10
261,-73.9375,0.39526472132208335,40.84166667,10
262,77.2922332,0.5625090400433345,28.6362211,10
263,-122.9888,0.6692210576299218,45.5224,10
264,100.52594136,0.7877760423872121,13.75736352,10
265,51.3963287,0.7539218890285845,25.47640781,10
266,-73.56726563,0.6235980621445618,45.63697547,10
267,28.978144,0.6875427145055614,41.007932,10
268,121.04948448,0.7166114252109264,14.61882541,10
269,-123.04986139,0.5202640133563609,49.22826439,10
270,85.32060189,0.5257441950961853,27.69555472,10
271,32.5815192,0.5306803958622583,0.3131987,10
272,3.9167,0.7020756866253923,7.3964,10
273,145.01438,0.7090966809188985,-38.2669,10
274,-2.50153743,0.2567654950993311,52.63162952,10
275,-73.722999,0.6166515186912199,40.687999,10
276,121.083,0.4717503724154265,14.3333,10
277,-2.96077251,0.5329156700019895,53.4307336,10
278,100.9309878,0.4515972003647635,12.9366966,10
279,-2.96077251,0.5329156700019895,53.4307336,10
280,76.99645438,0.5743556073226963,28.59186813,10
281,-79.3903104,0.3102033311858576,43.761664,10
282,-79.7164011,0.5166412430518419,43.7742911,10
283,-73.56725453,0.5555366155428176,45.75975883,10
284,51.5293,0.6232539198569373,25.2834,10
285,121.083,0.4717503724154265,14.3333,10
286,-100,0.6110561010498962,40,10
287,-73.97444465,0.4822041362243058,40.76772976,10
288,2.1683,0.6712376945486892,41.3894,10
289,-73.56725453,0.43937312695050873,45.75975883,10
290,-79.65,0.9925806636296385,43.6,10
291,35.2167,0.7007630900436078,31.7833,10
292,-73.56725453,0.29939843582967407,45.75975883,10
293,-88.2028,0.22274112349497383,41.6371,10
294,-73.56725453,0.44194117764564644,45.75975883,10
295,77.30999708,0.622962675195181,28.63491264,10
296,-63.5735,0.6581328130895974,44.6462,10
297,73.2,0.6784538521669662,22.3,10
298,-76.46363164,0.30158806446893294,39.04735517,10
299,-0.12167573,0.663827671884118,51.50086094,10
300,-0.60444385,0.6507742241739228,51.4839068,10
301,-0.13608912,0.5331992320261967,51.50413561,10
302,103.8627359,0.5724480092383083,1.29164209,10
303,3.26735,0.7109537170962007,6.52742,10
304,-6.3668,0.3120776406447982,53.2876,10
305,-79.40022,0.7217747854251999,43.65291,10
306,108.984375,0.2707393823179638,19.97334879,10
307,-69.0767,0.49209219170025753,44.1844,10
308,-74.0064,0.619457393392527,40.7142,10
309,-97.20650303,0.3501552468614603,32.82224082,10
310,-69.0767,0.49209219170025753,44.1844,10
311,-78.58712487,0.5178457887923548,35.78333843,10
312,-81.32806152,0.6568921811661474,48.47593351,10
313,-74.0007613,0.4930968601086944,40.7207559,10
314,85.84,0.6124167085770275,20.27,10
315,74.86812168,0.755906454537799,34.08987995,10
316,-1.954,0.6422579010383036,55.041,10
317,-3.08621691,0.37117566211615705,51.53356187,10
318,-1.95670274,0.4824698697223551,53.83138705,10
319,77.2922332,0.5625090400433345,28.6362211,10
320,-79.379158,0.5870386279905297,43.6530609,10
321,113.4668,0.1849489990209958,-0.8349,10
322,-69.0767,0.49209219170025753,44.1844,10
323,-77.02543656,0.2959335558663859,38.93969493,10
324,-0.1266231,0.6173325462237356,51.50484198,10
325,4.39816,0.657179656541717,51.91847,10
326,55.3652542,0.5703557267131196,25.3056905,10
327,103.856,0.6340555845913988,1.29306,10
328,-73.95,0.3947282812791565,40.65,10
329,72.6667,0.5265047455365843,26.0667,10
330,-73.98931,0.5987057852526043,40.72901,10
331,73.2,0.5547631607177783,22.3,10
332,-122.3221835,0.6327144245039925,47.625305,10
333,-94.8712,0.6791440929016296,40.3454,10
334,-73.95,0.7058984522510026,40.7,10
335,-77.72137453,0.6544438531902487,39.67616205,10
336,-84.3889,0.6423580481713632,33.7566,10
337,123.9466,0.689786286831693,10.3403,10
338,72.96865,0.27628694040558355,19.17419,10
339,-89.18,0.6150215115558219,42.10583333,10
340,-61.51712,0.8896267901764191,10.65532,10
341,-94.15791,0.5911478080049869,36.0632,10
342,-69.0767,0.49209219170025753,44.1844,10
343,-6.2591,0.770902117834301,53.3476,10
344,-95.78745604,0.7125927250426274,39.89301161,10
345,-80.9486561,0.6173911468813863,43.7244886,10
346,-100,0.573999952165285,40,10
347,100.41999,0.7089849430827754,6.26608,10
348,79.88870201,0.47390686633967666,6.82060275,10
349,-74.9093168,0.7181984610720276,40.16582959,10
350,90.4201089,0.5913128520782472,23.768489,10
351,-73.56726563,0.3991871870041641,45.63697547,10
352,-77.01915473,0.5717754690810765,38.88808511,10
353,-79.40022,0.7863594325582474,43.65291,10
354,-84.3889,0.5771178096095709,33.7566,10
355,92.4199219,0.5547120859312222,27.2672195,10
356,-3.1550601,0.6214457534545882,51.4946213,10
357,-76.8,0.698934068448635,17.9833,10
358,-74.0593872,0.6559555243830584,40.2448804,10
359,-97.73549055,0.7612859737564835,30.26585335,10
360,144.77613767,0.6346559315010312,-37.79472518,10
361,2.76427566,0.5097764382306862,41.71008756,10
362,-78.3195,0.7335937795040256,44.30592,10
363,48.1211215,0.46550507070315467,29.0826043,10
364,-73.56725453,0.45990141886923547,45.75975883,10
365,-4.29901,0.7036317841855867,51.86055,10
366,-90.08392079,0.48561459888248404,29.85268533,10
367,-76.5832,0.6179413757780066,36.7281,10
368,-0.1094,0.7681630666453998,51.5141,10
369,-77.02543656,0.4922376541771756,38.93969493,10
370,18.431463,0.680009387818273,-33.922167,10
371,-84.3070153,0.6881132377478487,33.747098,10
372,-2.25852636,0.5818524620722411,52.47326079,10
373,73.77840284,0.6403604822784776,18.5045045,10
374,3.9167,0.6730018154324621,7.3964,10
375,-73.56725453,0.4572548300593794,45.75975883,10
376,-95.89002,0.2511464928421172,36.03127,10
377,-79.6145,0.5449134577334476,44.3857,10
378,-118.33935365,0.5654697541185576,34.09640656,10
379,96.15963936,0.6523355926676464,16.79172284,10
380,-53,0.575359570150799,-11,10
381,-85.5767951,0.5737348737411787,38.2349269,10
382,-76.87160223,0.5315083397823847,38.84451207,10
383,-0.13608912,0.3997808244302743,51.50413561,10
384,72.82518,0.5346946619877322,19.06782,10
385,73.83888889,0.30896137374720206,26.57277778,10
386,-73.8531,0.5191297663319635,40.7493,10
387,-80.192,0.5613966500962586,25.7752,10
388,-75.5046,0.505916488519536,39.7726,10
389,-81.32806152,0.5399400162557161,48.47593351,10
390,-4.01618958,0.5376685317990455,31.09807093,10
391,-80.21616276,0.5105719918683631,44.49840009,10
392,50.76628773,0.8225241918118498,25.21439853,10
393,-0.3033274,0.7290691536464136,51.5495045,10
394,-96.4512699,0.7721707410981766,32.91302002,10
395,-80.3547177,0.6294952153983964,43.3930366,10
396,-117.566,0.32058920290729165,33.8753,10
397,-0.14309049,0.6646660360943156,51.50094238,10
398,-77.45702,0.5446744997638076,44.15597,10
399,107.58885768,0.42051346623988006,-6.87210897,10
400,-122.678249,0.6496945892034246,45.518237,10
401,-73.94911666,0.44328935862248414,40.70340518,10
402,-74.0579,0.8232846189900643,40.7092,10
403,-0.1094,0.7608141752258734,51.5141,10
404,-74.0064,0.2839028659099263,40.7142,10
405,39.23968,0.6595479452666474,-6.832128,10
406,-77.02815222,0.49903031653963786,38.99633643,10
407,-0.1094,0.5094912734505449,51.5141,10
408,-118.06983603,0.5064743829180948,33.81866571,10
409,2.8248,0.4592073306600391,41.9832,10
410,-80.25,0.8909127498135081,43.55,10
411,-100,0.6834844745807415,40,10
412,-73.65818,0.3442364197948043,40.74386,10
413,-80.192,0.5650628959141389,25.7752,10
414,-74.0121,0.5233369654133757,40.2224,10
415,8.8085,0.32819071064282446,53.0763,10
416,100.5332699,0.8612889720784941,13.7760866,10
417,21.008333,0.50652625891541,52.232222,10
418,-86.99074226,0.8473141862100865,39.97216257,10
419,123.88331297,0.6447677834103406,10.3150711,10
420,120.25685032,0.410231467794893,14.7213671,10
421,-0.07939436,0.3108616398405826,51.47496745,10
422,-77.9167,0.45800141798017274,18.4667,10
423,-79.42319,0.7010085202033562,43.6541,10
424,-78.64064,0.5203695859842941,35.78107,10
425,-100,0.6415991504069994,40,10
426,-0.1094,0.8056882778388186,51.5141,10
427,-76.5568374,0.6181347731420944,44.25756081,10
428,-75.1651,0.726273647825131,39.9527,10
429,-123.07571411,0.4019272825876178,49.23587045,10
430,-4.4228913,0.42979828816784854,55.8332816,10
431,-0.36483835,0.6985711331965536,53.75549383,10
432,4.85524,0.5956427409859311,53.18212,10
433,77.577453,0.595225347647054,34.152955,10
434,85.310244,0.6441410607200413,27.713776,10
435,-6.03224338,0.9568157768701377,54.53087235,10
436,-82.82457,0.5418166626077878,27.97764,10
437,-73.76944444,0.4060466007389222,42.60472222,10
438,-64.05736652,0.6283409711755853,44.63388631,10
439,-4.309626,0.40421222632637693,55.852472,10
440,17,0.11159119547720475,1,10
441,-95.34642,0.43150912252048557,29.7007,10
442,-0.12450144,0.5319045184370698,51.50013926,10
443,-119.247,0.47537351593848826,34.4491,10
444,-118.2445,0.46970276402363687,34.0564,10
445,-122.7702,0.3719443240613552,45.4312,10
446,31.43419147,0.742294028067982,30.00495701,10
447,17.0375,0.48309641312950413,51.1108,10
448,-3,0.6218424860911171,40,10
449,-0.53782683,0.3701063820286876,52.39170171,10
450,-104.98360001,0.625525877833676,39.7391,10
451,21.008333,0.36054673028950424,52.232222,10
452,-1.52013659,0.390913550929903,53.80803843,10
453,-93.2645,0.48010803762074333,44.9774,10
454,77.2045876,0.7200764555860985,28.56010567,10
455,-71.0565,0.7971767637669357,42.3577,10
456,-80.3547177,0.5789774973138169,43.3930366,10
457,-74.1924,0.4454326348117305,40.8073,10
458,4.0872,0.31275327687973925,51.1047,10
459,0.01524694,0.49659523212262974,50.8740299,10
460,77.577453,0.6002473991204811,34.152955,10
461,-80.192,0.5613966500962586,25.7752,10
462,-73.9259,0.5607592226876635,40.7722,10
463,91.63827515,0.4620741170375228,23.83215332,10
464,-0.10483012,0.9364768177921713,5.65089958,10
465,106.8233,0.3639370017434781,-6.1803,10
466,28.17685106,0.563908387414091,-25.77503071,10
467,-80.0394,0.5862917861866417,26.7151,10
468,21.008333,0.3304672807195093,52.232222,10
469,-61.5224,0.6159625837149852,10.6568,10
470,-80.57881623,0.48953811952306,43.46948067,10
471,50.8072,0.8225241918118498,25.2142,10
472,-95.3694,0.4179549953303811,29.7602,10
473,-82.4558,0.5702720815115547,27.9473,10
474,-63.76743365,0.618865631059858,44.56192559,10
475,-77.53108134,0.49320373202271645,37.26228035,10
476,36.9081961,0.7569143577816999,-1.2705674,10
477,-73.56725453,0.39011094157221,45.75975883,10
478,50.8072,0.8225241918118498,25.2142,10
479,144.9661,0.7665242271795664,-37.8156,10
480,82.94268966,0.6302282657190349,25.2814595,10
481,-0.1094,0.8199755080835197,51.5141,10
482,-81.32806152,0.3098672461089616,48.47593351,10
483,8.71458516,0.7489860564470737,47.34638527,10
484,-81.3775,0.6818340827354021,28.5421,10
485,-87.4804,0.3933040105124921,41.5957,10
486,120.9808,0.8333105031576625,14.5896,10
487,-63.61787,0.4884918131766344,44.6641,10
488,-73.56725453,0.4862593048476356,45.75975883,10
489,-79.9975,0.43781738288125194,40.4411,10
490,28.9885,0.8894038134830935,41.05401,10
491,28.2833,0.6236667441686939,-15.4167,10
492,-96.83481154,0.6859012807405331,33.1438965,10
493,-99.1332,0.6240844180150977,19.4326,10
494,6.87421,0.43981058202261947,6.00185,10
495,18.69493435,0.5119787268014914,-33.84990541,10
496,-73.85801153,0.7006535298135681,40.69869168,10
497,7.4833,0.46392627919128704,9.0667,10
498,0.15975773,0.7028894366616243,51.81231943,10
499,-118.2445,0.5905861383527203,34.0564,10
500,-0.1094,0.3820562370249913,51.5141,10
501,-86.15135678,0.8021767816535741,39.97144303,10
502,-74.0064,0.9008851656312009,40.7142,10
503,-74.1676899,0.827436612227334,40.34283,10
504,-97.68342,0.47898860797965287,30.52994,10
505,-118.2445,0.4978558826475512,34.0564,10
506,-73.56725453,0.528142817003507,45.75975883,10
507,8.64303,0.8589351030836885,49.30264,10
508,77.219672,0.4956734611638972,28.631747,10
509,-74.0007613,0.6785897592349147,40.7207559,10
510,-73.722999,0.6411279885824698,40.687999,10
511,-117.5655,0.5119897664823971,33.8752,10
512,77.028908,0.5253475042475545,28.46096,10
513,-73.95,0.6440420987027774,40.65,10
514,-90.7001,0.18890765460840564,38.8029,10
515,-118.3294,0.8185052872661697,33.989,10
516,-79.4154816,0.4935619217349985,43.7772102,10
517,-79.3872,0.6856170338009646,43.648,10
518,18.42163,0.7464339066231912,-33.92058,10
519,-73.56725453,0.4028002106076031,45.75975883,10
520,-87.212032,0.6513034441472805,36.503552,10
521,-0.15202761,0.8024108603214382,51.41718118,10
522,11.09144018,0.7046163023248482,50.91421978,10
523,-117.86996,0.6554923814716256,33.59552,10
524,-95.56404977,0.8547326655791001,29.56304729,10
525,7.6777,0.42511672780901555,45.0702,10
526,36.81666667,0.8586273568522618,-1.28333333,10
527,-2.86965273,0.7640911221250204,53.47985829,10
528,-90.070864,0.7376248755067981,29.948479,10
529,-5.0320161,0.6866235016744281,51.8843949,10
530,88.264644,0.4961687414142027,27.037653,10
531,-73.8858,0.7399906000459467,40.7555,10
532,-93.16326528,0.6435938098897137,42.0165117,10
533,-74.0064,0.443861375545682,40.7142,10
534,75.63084733,0.1584353821070496,42.80562262,10
535,-74.0007613,0.5767364090957314,40.7207559,10
536,4.70776793,0.47917116435141976,50.97437872,10
537,-74.0064,0.49476493301177804,40.7142,10
538,73.2,0.13341888320381673,22.3,10
539,20.4622,0.6563891174096866,44.8206,10
540,14.40358305,0.6852661277790469,-5.32070469,10
541,-74.25,0.4736291887476668,40.79,10
542,-4.84222222,0.7330531475315685,51.845,10
543,77.2089,0.7223802950227741,28.6139,10
544,-80.93981803,0.250068276314915,35.22308422,10
545,-80.21004,0.5978684408084122,25.87854,10
546,-85.96708277,0.2828304243383254,39.97415922,10
547,11.1,0.4042372989922032,43.8833,10
548,-82.00971779,0.44141930024236403,45.55863666,10
549,-73.95,0.6752718716853444,40.65,10
550,-79.3872,0.3257150973583089,43.648,10
551,-4.309626,0.40421222632637693,55.852472,10
552,-122.3244,0.7120087539280722,47.3999,10
553,-99.13547516,0.5902827213483581,19.43757829,10
554,-79.2709729,0.5168409277576975,43.813507,10
555,-74.0007613,0.6723681554420139,40.7207559,10
556,11.11268946,0.4443489541170714,43.85794223,10
557,-1.6216491,0.8487398446073321,6.6957635,10
558,-6.2591,0.770902117834301,53.3476,10
559,-97.68342,0.47898860797965287,30.52994,10
560,-71.0059,0.6866749359133856,42.2606,10
561,28.1869,0.28839614738457187,-25.7533,10
562,-74.0064,0.5904217032927241,40.7142,10
563,-80.42722222,0.7457048398485142,43.685,10
564,75.7914,0.6452733162340383,11.259,10
565,-77.0253723,0.3976203085160891,38.9394733,10
566,-79.7164011,0.3294847682350258,43.7742911,10
567,-7.60872445,0.5677285448960703,33.56429989,10
568,-82.50534,0.686241327884776,27.93177,10
569,-118.35409893,0.7422325697693104,34.08379326,10
570,8.99427,0.6904305444786476,45.28571,10
571,-0.59612,0.577147729409415,51.67467,10
572,77.219672,0.6405751041636226,28.631747,10
573,2.3492,0.7606927125246541,48.8573,10
574,-100,0.6110561010498962,40,10
575,11.1,0.31932065318764136,43.8833,10
576,-63.76743365,0.4383194179576123,44.56192559,10
577,-74.5,0.47307392785274327,40,10
578,-3,0.42531635079031366,40,10
579,-117.72016243,0.4879486470284573,33.47505865,10
580,-0.07524401,0.6949230933647056,51.50565731,10
581,-87.66674,0.530926658960271,41.775909,10
582,-117.1694961,0.6238736327944349,32.7260938,10
583,30.52361111,0.6943413092066222,50.45,10
584,27.48,0.5321711105940572,-29.31,10
585,-81.32806152,0.646448987225289,48.47593351,10
586,55.21728516,0.5299480616451555,25.18878706,10
587,-122.419,0.6099053618858691,37.7793,10
588,-104.8207,0.8583409883887714,38.8301,10
589,-118.2445,0.4588740541772116,34.0564,10
590,4.41667,0.46565939207167667,50.8333,10
591,-81.3775,0.6302341114560576,28.5421,10
592,-0.22743093,0.8036734026683336,5.63988563,10
593,-73.96555556,0.4274535509667583,40.76916667,10
594,-73.83007452,0.3197647189092603,40.75959489,10
595,-97.1557196,0.33415372795320436,32.7073762,10
596,-73.56725453,0.5018141277544372,45.75975883,10
597,-111.074249,0.3026056100678784,45.6706102,10
598,-73.56725453,0.40498701662596,45.75975883,10
599,72.84647455,0.3988720922083471,19.11883545,10
600,-118.1938,0.2696761852471088,33.7692,10
601,-1.139521,0.6130158983435702,51.569894,10
602,77.597645,0.41071814997815165,12.971117,10
603,-121.39338,0.4852374933352705,38.5091899,10
604,73.3667,0.8099939250903463,54.9833,10
605,-79.4137267,0.3549301593437331,43.77058927,10
606,27.834954,0.5189240594958147,-25.482354,10
607,-77.025378,0.5052565636991153,38.9394629,10
608,0.33333333,0.7348942287771218,50.91666667,10
609,-0.02801299,0.8444152293736402,53.55834674,10
610,73.8567,0.5194837672091286,18.5203,10
611,21.008333,0.3878450505885569,52.232222,10
612,-6.2591,0.770902117834301,53.3476,10
613,-1.139521,0.8117010671395173,51.569894,10
614,-87.2284478,0.750801062445465,36.1171214,10
615,-80.3547177,0.7782843723261699,43.3930366,10
616,-79.7164011,0.5480238363539751,43.7742911,10
617,-73.56726563,0.3406325438564841,45.63697547,10
618,-114.07203,0.7207965009983057,51.03714,10
619,-87.4804,0.3587816431929442,41.5957,10
620,-5.53471644,0.5345147663775572,50.11706325,10
621,-90.070864,0.3999354984060725,29.948479,10
622,8.065,0.46114412228953877,46.9928,10
623,-73.593,0.1327696469071106,40.7,10
624,-82.6794,0.6705184308412817,27.7706,10
625,-79.38835502,0.3926449800543587,43.65481661,10
626,-73.56725453,0.41743752737073075,45.75975883,10
627,-3.5336,0.5301078509441409,50.7218,10
628,73.8743,0.12483477173756775,18.5289,10
629,0.37338294,0.421057426124135,50.81937006,10
630,-111.07427917,0.5261294397578811,45.67070719,10
631,77.597645,0.7592189258602015,12.971117,10
632,-82.45110512,0.8009804583465565,27.36864218,10
633,-80.109346,0.4370100761191855,26.1375312,10
634,-112.073917,0.5334034228035708,33.453924,10
635,32.5825197,0.5839216560976604,0.3475964,10
636,2.1683,0.652755881517495,41.3894,10
637,-82.30924437,0.14986031073589842,27.93903326,10
638,-100,0.6482630171653111,40,10
639,-1.139521,0.3869264442787994,51.569894,10
640,-78.37986697,0.6695575139111658,44.90707769,10
641,-73.56725453,0.45953545636832355,45.75975883,10
642,-2.86337008,0.8115601590668823,53.59228191,10
643,-0.34017639,0.7185739231460688,51.74993881,10
644,-74.0647,0.5407159631347853,40.7114,10
645,-82.89647616,0.6483369244893036,42.67211211,10
646,72.6167,0.32582017667643887,23.0333,10
647,-0.1313,0.6419898096460466,50.8429,10
648,-1.139521,0.5405836527656089,51.569894,10
649,-77.0367,0.6921157455074411,38.8951,10
650,-122.7781036,0.23341992550951926,47.05367822,10
651,-82.4558,0.46764306464349087,27.9473,10
652,-76.8,0.6412779459870382,17.9833,10
653,-112.10929871,0.35104380789758677,36.05970357,10
654,5.3,0.6676889981630592,6.8,10
655,18.63161087,0.3326336933618444,-33.90053761,10
656,-119.4567,0.6151382916306622,49.8831,10
657,-79.0728,0.5278759505453257,38.1497,10
658,-121.27970598,0.5364484080799612,38.12941729,10
659,-80.871463,0.7603221060134852,35.585538,10
660,-0.23271,0.7516610352616446,51.76137,10
661,37.3292861,0.8264742789233551,-3.3439474,10
662,-75.24380565,0.4012645978514691,39.87480005,10
663,-80.26166094,0.5068798846305093,26.65974997,10
664,-74.1849,0.6053150804847038,40.7352,10
665,-1.139521,0.5295393748114816,51.569894,10
666,-97.1397,0.15915253858017045,49.8873,10
667,-63.5735,0.5068022832382104,44.6462,10
668,-0.1094,0.40075444986030295,51.5141,10
669,-106.59047127,0.6828144448106972,35.173668,10
670,-84.34983361,0.6415020237871987,33.72295557,10
671,-73.56725453,0.5777164313449831,45.75975883,10
672,-87.4804,0.5615947941350548,41.5957,10
673,-78.478813,0.6991455285286803,38.080124,10
674,-80.32353401,0.5418953981875154,43.41988669,10
675,-6.26177709,0.3942958858622199,53.34412689,10
676,-97.1397,0.7358741975757651,49.8873,10
677,-1.96,0.6649465035633413,53.601,10
678,-96.9070072,0.36447090940920385,32.9534241,10
679,-75.9786,0.7647678160994363,36.8496,10
680,-79.7164011,0.723928863145972,43.7742911,10
681,-1.38249,0.8723685159912878,50.98262,10
682,-86.0113,0.7591340784556874,40.0456,10
683,-118.33333333,0.36773919965621465,34.1,10
684,-73.95,0.5289840640193277,40.65,10
685,0.69065541,0.08884271906490343,51.87386,10
686,-73.56726563,0.5691940123081359,45.63697547,10
687,-80.1936,0.6030641988419144,25.7751,10
688,-1.49328634,0.47820699169350683,51.99618921,10
689,-1.89289924,0.5242454223916846,53.33125108,10
690,79.022,0.46628626823359026,28.799,10
691,74.34199333,0.44770758776129993,31.50924569,10
692,-0.61128817,0.4354728864033074,51.70562364,10
693,-84.54986137,0.5761528011507081,33.60145395,10
694,0.1324438,0.5658462718841751,52.2017864,10
695,-0.15785387,0.364862111112754,51.54192439,10
696,-3.01619768,0.572083831779944,51.0922937,10
697,77.219672,0.32156566131404474,28.631747,10
698,-118.4240749,0.5065388216021424,34.0426213,10
699,18.3513093,0.6309806189266716,-34.1455883,10
700,-122.45764534,0.7022877498545306,37.6605835,10
701,-0.12450144,0.29899331892602504,51.50013926,10
702,-76.6479,0.4389281996651243,39.3052,10
703,-0.1094,0.2957669319053498,51.5141,10
704,123.30920887,0.6881196031637989,9.30959131,10
705,2.79254,0.578424283372815,41.97275,10
706,-74.93864934,0.7570436434484208,39.90644504,10
707,75.34501,0.5590152364001179,19.86701,10
708,-75.5424309,0.5841405614759106,39.80673,10
709,72.85176,0.8696741825052449,19.22986,10
710,-3,0.5873878083225391,40,10
711,7.01751116,0.4116652350254203,5.52067164,10
712,75.81797721,0.5941318954749051,23.17926279,10
713,3.43556,0.45766528703261483,6.45306,10
714,-123.1204,0.7835448498094828,49.2819,10
715,24.723,0.16537501595185786,59.405,10
716,-73.56725453,0.35915901265493155,45.75975883,10
717,-111.84073,0.6633197026779676,33.30202,10
718,-77.2264,0.7855262588233426,39.132,10
719,0.52550292,0.5095402028208985,51.6028586,10
720,-7.08056729,0.4831629872808884,53.44698348,10
721,-121.9529551,0.3042457698351421,38.354911,10
722,-81.3289289,0.5988864727356983,28.2691562,10
723,-106.2873993,0.6057310801913175,31.73592,10
724,-0.46369,0.6551722685879543,52.13921,10
725,-95.93762253,0.7020771333985394,41.25424072,10
726,-114.44884109,0.7723955630449242,49.60283848,10
727,-87.4804,0.40932917913622024,41.5957,10
728,7.01751116,0.2711141427095988,5.52067164,10
729,-120.66564,0.31731401856846,35.2778,10
730,-74.0064,0.5986375459387574,40.7142,10
731,27.79546874,0.6488605941131206,-26.27396204,10
732,-73.56725453,0.38100626867254395,45.75975883,10
733,-81.32806152,0.6545279390231558,48.47593351,10
734,-9.41527778,0.46921486420092284,38.96277778,10
735,-1.3385712,0.5173585045920936,52.8421302,10
736,3.51185605,0.5748663212215016,6.44035011,10
737,-75.2508,0.5756634504187816,39.9889,10
738,-73.8669,0.5929719026780677,40.85,10
739,7.4833,0.3656278291134485,9.0667,10
740,-73.9797,0.380069392130389,40.3024,10
741,-100,0.6110561010498962,40,10
742,-122.678249,0.5062544989230963,45.518237,10
743,-73.56725453,0.48439010600204385,45.75975883,10
744,0.05173177,0.4850996412127186,52.28036162,10
745,-73.95,0.5632522214775376,40.65,10
746,35.4993,0.6753592208333755,33.8892,10
747,-0.46369,0.6551722685879543,52.13921,10
748,-99.16267966,0.675528476718374,30.05632227,10
749,-81.4094,0.40443989780298256,30.0886,10
750,-77.0253839,0.3301274319147127,38.9394667,10
751,-1.85,0.5317472750857034,53.61666667,10
752,82.98816919,0.6964593821797989,25.34491808,10
753,-1.0023,0.36517199439287146,51.462566,10
754,128,0.4969473774803765,36,10
755,-7.06666667,0.25741045530719714,52.48333333,10
756,84.9151306,0.2916226670773293,26.6516991,10
757,-85.49663544,0.20501554032395916,32.59194895,10
758,-0.1094,0.5018734653174495,51.5141,10
759,-81.657,0.23807618505059525,30.3285,10
760,-0.1280728,0.7040652450152196,51.50806635,10
761,-84.1426268,0.6161687006356842,35.9000477,10
762,-78.79482188,0.3425012805963817,35.87634975,10
763,-82.5558,0.5079320884388757,35.5799,10
764,-0.3384,0.817965543024128,51.47418,10
765,18.55618897,0.3775931655983775,-33.97495857,10
766,-0.12721,0.45320376964586756,51.50643,10
767,-73.56725453,0.5166402257641719,45.75975883,10
768,88.41025963,0.58982737317451,22.61287613,10
769,-73.92027413,0.6297583951370639,40.69571377,10
770,-122.3308,0.5808608318019711,47.6046,10
771,-75.69524,0.3223016012277835,45.42854,10
772,3.41583333,0.8668036828651172,6.43111111,10
773,-73.99869019,0.3770389481823362,40.68010796,10
774,-1.139509,0.3800534441904727,51.569872,10
775,-73.2194541,0.5071909819986915,44.4827112,10
776,4.8820724,0.6350970455085141,52.3536393,10
777,-73.994508,0.3515374884795335,40.763186,10
778,-84.46285,0.9263050137339827,39.13186,10
779,-3.6986,0.623910500853778,42.344,10
780,2.79254,0.5906934700942359,41.97275,10
781,2.79254,0.5873635809410549,41.97275,10
782,-75.17161473,0.9210187297876994,39.95259387,10
783,-84.46285,0.5526303528107783,39.13186,10
784,-80.11960298,0.36691846880928314,25.84587298,10
785,-74.0647,0.4232281642118382,40.7114,10
786,16.41560835,0.47552536710347293,48.1739745,10
787,-71.0565,0.4473849539682136,42.3577,10
788,-79.2667,0.40638560251751354,43.8667,10
789,-95.56664,0.6378185635748653,29.727165,10
790,-74.3663,0.3930439738342653,41.4732,10
791,75.89800603,0.6914456168966638,22.771434,10
792,-84.46285,0.5764781176770372,39.13186,10
793,-74.00589108,0.4317143686903789,40.71270142,10
794,-1.139509,0.6103185123663813,51.569872,10
795,126.98244019,0.554304443905082,37.54274326,10
796,-111.85982913,0.5478102987577774,40.54208865,10
797,-93.87962759,0.5994107278299386,35.44590632,10
798,-95.3694,0.23133644455551686,29.7602,10
799,-84.5215,0.42825252797446967,39.2171,10
800,-97.1557196,0.4507942754912752,32.7073762,10
801,-73.56725453,0.6168046390366326,45.75975883,10
802,-1.589873,0.6594533946718728,53.31943965,10
803,11.91095825,0.7049211462365796,57.80364392,10
804,4.8820724,0.6350970455085141,52.3536393,10
805,-1.139509,0.7588978271580322,51.569872,10
806,-97.7475,0.4547589534860192,30.2677,10
807,-84.3889,0.8528199237359868,33.7566,10
808,-84.46285,0.5146280309472209,39.13186,10
809,-74.0064,0.16606429761722238,40.7142,10
810,-71.4358,0.36013000789603145,41.7789,10
811,-77.0164,0.6445363324020426,38.7842,10
812,-1.62718,0.40705974213325796,52.06228,10
813,-81.55756474,0.41189047661427497,40.96819307,10
814,-110.85875119,0.30006147200894584,32.22772004,10
815,-1.57036826,0.8548378239850876,51.97571423,10
816,51.44812963,0.8225241918118498,25.35759909,10
817,18.3513093,0.35311879444896227,-34.1455883,10
818,-1.139509,0.5132816839934256,51.569872,10
819,-80.84333333,0.8265487883872308,35.22694444,10
820,-92.4592,0.5794920257838366,31.2928,10
821,2.79254,0.5873635809410549,41.97275,10
822,-0.316667,0.6119296659074435,51.5,10
823,-0.1369,0.46844406766826246,51.5189,10
824,55.6869,0.4206665469698216,24.2077,10
825,-74.0064,0.308725205348278,40.7142,10
826,32.5811,0.25856321357967305,0.3136,10
827,-73.9675,0.47214694395970824,40.7779,10
828,-73.8531,0.622247859324115,40.7493,10
829,51.44812963,0.8225241918118498,25.35759909,10
830,-1.40984074,0.7396972804195349,53.44329857,10
831,-118.2445,0.2889162403731509,34.0564,10
832,-104.824832,0.5729896628499026,38.8857856,10
833,-84.17788535,0.46430599056161087,33.42668991,10
834,-115.30413631,0.36159620080791177,36.18642223,10
835,51.44812963,0.8225241918118498,25.35759909,10
836,-73.98189279,0.4198548742681844,40.7614277,10
837,-73.56725453,0.2618864253616676,45.75975883,10
838,-2.73181,0.9159526681979356,53.34161,10
839,126.98244019,0.3788353335091586,37.54274326,10
840,-84.46285,0.5081859433655087,39.13186,10
841,17.6167,0.5791577593753906,59.2,10
842,-77.03649486,0.3089964359607272,38.89769958,10
843,-0.1094,0.41036414149156075,51.5141,10
844,-76.479,0.5090550560861412,39.4014,10
845,2.79254,0.5906934700942359,41.97275,10
846,-72.682778,0.22500367346639685,41.764136,10
847,-113.4666275,0.3407690900973653,53.6063035,10
848,-4.259,0.7736695440886402,55.858,10
849,-2.117778,0.7727663879511592,53.3785023,10
850,-87.4804,0.4114714166393916,41.5957,10
851,-0.17234802,0.725015561003926,51.4706201,10
852,51.42796786,0.7990703810162934,24.65103226,10
853,-84.2089817,0.9076597126690326,31.5843676,10
854,-123.10118437,0.7947572099905258,49.24959904,10
855,51.44812963,0.8225241918118498,25.35759909,10
856,-1.88950088,0.6444349528344432,50.75520219,10
857,-122.82367788,0.5694338986713966,49.2855295,10
858,-1.6167,0.4039789502572585,6.6667,10
859,28.15,0.5805908020124594,-26.3333,10
860,51.44812963,0.8225241918118498,25.35759909,10
861,-121.4927,0.4333719812004865,38.5763,10
862,-119.15,0.5504623452139823,34.36,10
863,-79.7164011,0.5616906232125223,43.7742911,10
864,-84.46285,0.2850846460269299,39.13186,10
865,21.008333,0.42763005974919593,52.232222,10
866,-80.84333333,0.6092799209162955,35.22694444,10
867,-117.566,0.9769650572344464,33.8753,10
868,-66.039,0.5198235545139588,45.29766,10
869,-1.139517,0.4993494426565788,51.569881,10
870,-117.89934559,0.6181254563332634,33.74049769,10
871,-73.47935661,0.2695250407152279,45.6677507,10
872,-68.0694229,0.4872233030808687,-16.54079046,10
873,-81.261556,0.6277602549484281,28.370943,10
874,35.4993,0.5644301512636476,33.8892,10
875,-70.6671,0.684064646931876,-33.4498,10
876,-122.419,0.44512482294809386,37.7793,10
877,-122.675,0.5970878928088359,45.5236111,10
878,-73.7874,0.5557005699594658,40.9149,10
879,-65.97238,0.648261470536025,45.40841,10
880,-6.06934834,0.676328500668338,53.38933397,10
881,-79.7164011,0.7165487279818399,43.7742911,10
882,-7.25222,0.33469060981916626,52.6542,10
883,-1.139515,0.5844554457554431,51.569879,10
884,-1.139517,0.20415407966174726,51.569881,10
885,-87.4804,0.5843981066874925,41.5957,10
886,-1.139517,0.44289126086567604,51.569881,10
887,3.39583,0.3432659411394161,6.45306,10
888,-77.0253723,0.6710467220144206,38.9394733,10
889,-97.73549055,0.7612859737564835,30.26585335,10
890,170.50297,0.7059994493600336,-45.87967,10
891,-0.52664839,0.4841124793885068,51.88994716,10
892,-73.56726563,0.4842714950889703,45.63697547,10
893,0.66508719,0.4997905330677793,51.54717027,10
894,-72.44464,0.6285143005399145,41.75815,10
895,103.90126705,0.6923631618813059,1.31658053,10
896,-90.06551,0.462522188710823,29.96311,10
897,-73.56726563,0.43032762870694824,45.63697547,10
898,7.4833,0.5149117538909297,9.0667,10
899,-87.8213906,0.5389005838001942,41.543401,10
900,-72.8226,0.5968542339527071,41.4585,10
901,-95.1361386,0.5848627262348614,46.4424614,10
902,-2.7828322,0.5156951464322397,55.61220983,10
903,-59.5353359,0.3486812625507352,13.05460484,10
904,-114.11579325,0.4336694871081484,51.17194453,10
905,-81.25,0.5392741351783875,42.9833,10
906,-100,0.6600878443432335,40,10
907,-82.17194381,0.7506602552841518,45.7301081,10
908,-117.673,0.5709608432126204,33.8373333,10
909,103.8267299,0.7521400283665555,1.4324759,10
910,-80.820706,0.5818666517752086,35.212535,10
911,3.39583,0.3432659411394161,6.45306,10
912,-73.56726563,0.4946605817598447,45.63697547,10
913,-118.349,0.449044995990134,33.9172,10
914,-100,0.6110561010498962,40,10
915,-95.35467,0.47798981832567944,29.7228,10
916,-2.02899099,0.6279224941097409,53.10506467,10
917,-95.45904538,0.48034772096255,30.14604034,10
918,24,0.4990018376530002,-29,10
919,-73.56725453,0.47963421703858433,45.75975883,10
920,-1.139515,0.357573642763301,51.569879,10
921,-70.6671,0.5994994378206868,-33.4498,10
922,-73.56725453,0.44371988911828264,45.75975883,10
923,5.79282,0.46003756197905654,5.50286,10
924,-86.08148,0.7697604227803655,39.69104,10
925,-118.4589,0.6594382951044075,33.9913,10
926,-71.124562,0.3961380934224515,42.280263,10
927,145.18074801,0.6118063150079275,-38.02979404,10
928,-1.139515,0.3378786266075922,51.569879,10
929,-79.3872,0.6552902358169367,43.648,10
930,-99.1332,0.5852964473752666,19.4326,10
931,-82.68513334,0.5697047096905263,30.17488976,10
932,-80.109346,0.4370100761191855,26.1375312,10
933,-122.44359944,0.6919073526785964,37.79878882,10
934,116.29766273,0.7686511928236295,39.93033344,10
935,-113.95100902,0.16528268584858002,51.0998623,10
936,-91.1402,0.5233867100555882,30.4581,10
937,-95.41118,0.5417743769506991,29.80201,10
938,-3.87862,0.7389303958922864,40.40609,10
939,146.84085,0.7434773619986593,-36.31318,10
940,-73.56725453,0.47528303679509454,45.75975883,10
941,-0.5362,0.7649179583141862,53.2342,10
942,147.328429,0.45964902660322304,-42.880195,10
943,-73.95666837,0.5663220168222719,40.77091422,10
944,-118.2445,0.4563720756922358,34.0564,10
945,-97.06477807,0.21346847817739953,27.82556864,10
946,-80.9846,0.6945928627126282,34.218,10
947,-79.3872,0.6533401119769223,43.648,10
948,-74.0064,0.58323145929732,40.7142,10
949,-1.139515,0.350277103960382,51.569879,10
950,-0.10418,0.682837334365235,51.62316,10
951,-87.90249763,0.30886437666256344,41.97342477,10
952,-73.95,0.5541013068715025,40.65,10
953,3.39583,0.3432659411394161,6.45306,10
954,-73.56725453,0.3074193978961865,45.75975883,10
955,-7.5,0.9014571453328422,54.522,10
956,-73.95666837,0.5308800180560651,40.77091422,10
957,-72.8226,0.5968542339527071,41.4585,10
958,-73.68255615,0.560187663725815,40.76390128,10
959,-75.67831673,0.7628239048426628,36.01353809,10
960,-0.13608912,0.6275369421900582,51.50413561,10
961,-85.19557357,0.5803527108935563,34.96103765,10
962,-117.566,0.8913567707392711,33.8753,10
963,-87.4804,0.42700723687830267,41.5957,10
964,-118.2445,0.2973208265345067,34.0564,10
965,-1.139517,0.4231926282557621,51.569881,10
966,34.3025,0.5600294238383442,31.3439,10
967,-73.56725453,0.32564226878097713,45.75975883,10
968,2.1683,0.682550025254384,41.3894,10
969,-73.95666837,0.5308800180560651,40.77091422,10
970,121.04614019,0.591709052257924,14.65356525,10
971,-118.2445,0.4748688267723222,34.0564,10
972,100.6074001,0.5157622391644597,13.88780762,10
973,-100,0.6110561010498962,40,10
974,-80.65559973,0.6594073624757804,41.03769403,10
975,-80.0993,0.4063821149772277,26.3182,10
976,-87.4804,0.31119931680163754,41.5957,10
977,79.08189,0.6094459853932757,21.13667,10
978,100.494,0.5903744669408354,13.7522,10
979,-1.139512,0.3503559538001397,51.569877,10
980,-100,0.6814594558168602,40,10
981,-77.0367,0.43010318622475235,38.8951,10
982,-1.139501,0.28744131344073154,51.569874,10
983,-1.139512,0.5946120449403355,51.569877,10
984,-1.139512,0.4121623594212213,51.569877,10
985,123.39291,0.41664351257505605,9.93767,10
986,-100.983,0.41570758362202515,25.4333,10
987,-53,0.5946933003732016,-11,10
988,-110.954,0.5522532452991437,29.0989,10
989,-96.7977,0.5425357100436814,32.7774,10
990,103.9276,0.6220055811397226,1.3237,10
991,-81.32806152,0.38373357652024653,48.47593351,10
992,-104.98360001,0.6154492242194189,39.7391,10
993,-1.139501,0.4118466220097295,51.569874,10
994,-74.08340476,0.38196412977868244,41.74111293,10
995,-1.139512,0.36307655802597827,51.569877,10
996,100.7186137,0.5165271423656186,13.6136327,10
997,-75.1651,0.3557053916267426,39.9527,10
998,-100,0.6110561010498962,40,10
999,144.99341,0.768889068568404,-37.81725,10
1000,77.219672,0.7973150616601155,28.631747,10
1001,-73.56725453,0.194893087180925,45.75975883,10
1002,-79.3872,0.8123618856480558,43.648,10
1003,-73.47601181,0.5429198426892446,41.32046973,10
1004,27.97003,0.6397353265162219,-26.11636,10
1005,-1.139512,0.3674923963451708,51.569877,10
1006,-80.01579,0.6492942272009664,44.5208,10
1007,103.856,0.6404197020272212,1.29306,10
1008,-1.4700222,0.6331986871972605,53.38085016,10
1009,-82.9975,0.5245012541262267,36.4144,10
1010,-1.139512,0.5427042634866718,51.569877,10
1011,-122.419,0.1988546874961996,37.7793,10
1012,-1.139501,0.29684826675250736,51.569874,10
1013,-73.8453982,0.6512284717719152,42.6096636,10
1014,-77.0266,0.8045982405168253,38.9916,10
1015,-117.566,0.6297508405534462,33.8753,10
1016,-95.56300879,0.5706594791894616,29.81789664,10
1017,-53,0.5946933003732016,-11,10
1018,-1.139501,0.7758816599599841,51.569874,10
1019,2.1683,0.652755881517495,41.3894,10
1020,4.8820724,0.7564657582200921,52.3536393,10
1021,-110.954,0.4677885698076969,29.0989,10
1022,-1.139501,0.5039539465903835,51.569874,10
1023,-123.121,0.45227815988346537,49.2842,10
1024,0.69072733,0.4997905330677793,51.54439656,10
1025,-53,0.5946933003732016,-11,10
1026,-100,0.5340985873361224,40,10
1027,-118.1938,0.3485798513593242,33.7692,10
1028,-93.2645,0.6351044069846624,44.9774,10
1029,-1.139509,0.3389825807786793,51.569875,10
1030,-100,0.5953330123477667,40,10
1031,-1.139501,0.35871442632601946,51.569874,10
1032,-86.8257,0.4452683815990002,21.1635,10
1033,101.63035398,0.5124580592785498,3.18973618,10
1034,-96.7977,0.4925815906070699,32.7774,10
1035,-118.384,0.4748688267723222,34.0847,10
1036,-117.297,0.3767482707306178,33.122,10
1037,144.9661,0.47289619580241554,-37.8156,10
1038,-73.9797,0.7204995309709513,40.3024,10
1039,-1.139512,0.35323730987168334,51.569877,10
1040,-121.47495836,0.6781958527114234,38.4818723,10
1041,-73.95666837,0.5308800180560651,40.77091422,10
1042,-117.5638697,0.3257715040917694,33.854985,10
1043,-100,0.6110561010498962,40,10
1044,-118.32696132,0.6167381858842742,34.09821303,10
1045,-73.7874,0.5830771554044433,40.9149,10
1046,-92.3338,0.33818593160013904,38.9484,10
1047,-117.5655,0.5080860494167616,33.8752,10
1048,-100,0.6110561010498962,40,10
1049,-0.2,0.5852177457135403,5.55,10
1050,-1.139501,0.5532222338374507,51.569874,10
1051,-3,0.6207484209264219,40,10
1052,-1.139512,0.37032367217289824,51.569877,10
1053,-74.0064,0.6172319400274037,40.7142,10
1054,-73.95,0.38456251146928916,40.65,10
1055,-73.9739,0.4324898972399479,40.8299,10
1056,-98.52136669,0.4103938228653985,29.60721386,10
1057,3.39583,0.5620399842796266,6.45306,10
1058,103.81687987,0.6399565992528968,1.28945022,10
1059,-90.1775,0.6335512025807214,29.9978,10
1060,-118.2445,0.4487799857832129,34.0564,10
1061,-0.8423849,0.6589565753050044,51.8181665,10
1062,-97.12577105,0.9590765977563036,49.77683013,10
1063,-81.32806152,0.12160691170179866,48.47593351,10
1064,-1.139501,0.5217223342242245,51.569874,10
1065,100.65507813,0.4534853786360546,13.86200131,10
1066,-80.26564329,0.7905300324150076,25.9742252,10
1067,-118.24277043,0.3620379814722364,34.05372611,10
1068,-123.07914661,0.3692384179364356,49.18930063,10
1069,-73.885318,0.4111712955701986,40.757268,10
1070,144.9661,0.5357558333110254,-37.8156,10
1071,-123.07914661,0.3692384179364356,49.18930063,10
1072,-86.7837,0.8183587486491853,36.1651,10
1073,-73.692001,0.5789175109677286,40.6819,10
1074,145.0422836,0.8045883820592868,-37.8895005,10
1075,-122.43512,0.5515443440199724,37.76171,10
1076,-73.957021,0.4002533864877892,40.645407,10
1077,-74.9872148,0.7719586837207277,39.8576957,10
1078,138.473,0.6409909672135763,-35.198,10
1079,-74.0064,0.5537866301262181,40.7142,10
1080,-4.194474,0.31776545366129705,57.466485,10
1081,80.66239139,0.7989212279907614,16.5231216,10
1082,-123.07914661,0.3692384179364356,49.18930063,10
1083,-123.07914661,0.3692384179364356,49.18930063,10
1084,-73.56725453,0.33648631128171147,45.75975883,10
1085,-123.07914661,0.3578087875580688,49.18930063,10
1086,-90.03344272,0.6146037197921447,29.92039756,10
1087,-118.2445,0.6798354051747231,34.0564,10
1088,-82.3854,0.3387720343263079,34.8443,10
1089,-77.3217773,0.5118943420384388,18.1823878,10
1090,-81.3775,0.4790769271543174,28.5421,10
1091,18.279085,0.5289316598046524,59.352805,10
1092,144.96835185,0.47140393606359154,-37.81788529,10
1093,139.31196117,0.6640458684160181,-34.91514254,10
1094,72.6667,0.44634557388272184,26.0667,10
1095,150.3761,0.8232753900267271,-33.71091,10
1096,-116.421,0.5291723742436382,33.7692,10
1097,-73.56726563,0.3584333766249252,45.63697547,10
1098,-123.07914661,0.3692384179364356,49.18930063,10
1099,-87.7253,0.4985564352364224,41.482,10
1100,0.38180977,0.4783987485957389,51.79198836,10
1101,144.9661,0.5257209405327272,-37.8156,10
1102,-64.866667,0.41309713565578515,32.3,10
1103,-122.42917416,0.3584766911464238,37.80374014,10
1104,-117.793,0.4000306900893309,33.6841,10
1105,-61.51311563,0.6693364801285747,10.65410905,10
1106,73.2,0.4588087196089436,22.3,10
1107,101.74753595,0.5410907740041832,2.79579915,10
1108,-87.3745,0.5262825729276688,36.0715,10
1109,-86.7925,0.2597067099571223,36.0265,10
1110,-74.00297016,0.6050707469709848,40.71469468,10
1111,-122.40986111,0.8361290514431561,37.76252778,10
1112,-86.24511,0.7552627241554128,39.86862,10
1113,-73.95666837,0.5687583610132975,40.77091422,10
1114,18.42175373,0.4791293349831661,-33.92436976,10
1115,39,0.5925721441974294,8,10
1116,-123.1366,0.3692384179364356,49.1627,10
1117,-81.9825,0.5532196331403343,26.6396,10
1118,-157.86270793,0.6661992603339194,21.30912181,10
1119,-157.86270793,0.5741875653793349,21.30912181,10
1120,73.2,0.3716634250191301,22.3,10
1121,151.20172011,0.7433568845394638,-33.87124307,10
1122,-73.692001,0.6106937054126147,40.6819,10
1123,-123.1366,0.32471198110175364,49.1627,10
1124,153.3921,0.41079047451314027,-28.0183,10
1125,-73.95666837,0.5308800180560651,40.77091422,10
1126,-123.1366,0.3692384179364356,49.1627,10
1127,113.102717,0.590675316503146,22.74900537,10
1128,-73.692001,0.5789175109677286,40.6819,10
1129,120.28762446,0.6255991831283663,14.84251268,10
1130,-73.692001,0.5789175109677286,40.6819,10
1131,77.19102783,0.5547101685739234,28.5974128,10
1132,7.42936372,0.27937009168128246,8.96389499,10
1133,-97.73549055,0.7612859737564835,30.26585335,10
1134,73.2,0.5276572881945689,22.3,10
1135,-118.6757701,0.6400384917430094,34.03591132,10
1136,7.42936372,0.4307082220934318,8.96389499,10
1137,-73.692001,0.5789175109677286,40.6819,10
1138,-80.26564329,0.6877790115116511,25.9742252,10
1139,-118.562529,0.16141608674426267,34.285523,10
1140,-123.07914661,0.3692384179364356,49.18930063,10
1141,-78.9072,0.6908298305340541,35.9886,10
1142,-123.07914661,0.25896623557510035,49.18930063,10
1143,-74.0064,0.5815641898633376,40.7142,10
1144,-122.438569,0.820824958933733,37.764425,10
1145,-123.1204,0.4407365728645876,49.2819,10
1146,-118.36447,0.3366960692872636,34.09823,10
1147,-86.7837,0.2612622743342534,36.1651,10
1148,121.47171,0.18480348872757796,-30.74818,10
1149,-77.03644652,0.280976322300956,38.89865314,10
1150,-83.1228868,0.41490788261478256,42.45181645,10
1151,144.7403,0.5357558333110254,-37.736,10
1152,-99.24125318,0.5791621805740549,19.45908582,10
1153,151.2108,0.8232812669632183,-33.8847,10
1154,-84.23409336,0.4217545124687604,33.63893687,10
1155,-122.678249,0.5902573842822033,45.518237,10
1156,104.01142585,0.8754665684343703,1.14228852,10
1157,-98,0.5272329951924545,38.5,10
1158,-118.2445,0.873101876942114,34.0564,10
1159,77.19102783,0.6857297162324167,28.5974128,10
1160,-123.07914661,0.3692384179364356,49.18930063,10
1161,-111.07427917,0.5432557375172228,45.67070719,10
1162,-0.39816856,0.29336455603529077,51.36702146,10
1163,-73.692001,0.6106937054126147,40.6819,10
1164,-118.347459,0.533055101806895,34.097727,10
1165,-95.34642,0.48734952999852343,29.7007,10
1166,-87.67925,0.5844475463925164,41.90286,10
1167,-84.2865,0.5519150640184777,33.6116,10
1168,-95.34642,0.48734952999852343,29.7007,10
1169,-79.3872,0.6168968643685263,43.648,10
1170,-100,0.260086089210744,40,10
1171,72.8764,0.7054259476149998,19.0627,10
1172,-111.8349363,0.3898012516399397,41.7101909,10
1173,153.01513191,0.6274359746389836,-26.42180811,10
1174,-73.56725453,0.31343913720557104,45.75975883,10
1175,-79.3872,0.6168968643685263,43.648,10
1176,-70.1004,0.3332765675813527,41.2815,10
1177,-79.3872,0.6168968643685263,43.648,10
1178,121.04679,0.6155695433641889,14.552473,10
1179,-118.37803186,0.2635731914665703,33.94616988,10
1180,123.93214887,0.679266976760953,10.32687641,10
1181,80.3269,0.6005886744940071,26.4421,10
1182,-80.0916329,0.6719059309728204,26.8087948,10
1183,-73.8309,0.6848100222210842,40.7,10
1184,-115.149,0.37291821741213277,36.1675,10
1185,-0.13608912,0.6708991165951115,51.50413561,10
1186,-86.1226,0.5041541026935598,39.9781,10
1187,-118.3339186,0.886177011366314,34.08347674,10
1188,-58.53773138,0.5458299645935295,-34.87472158,10
1189,-79.3872,0.4016671311976252,43.648,10
1190,121.01425361,0.31033121297624766,14.55895352,10
1191,-73.56725453,0.3473707900089428,45.75975883,10
1192,72.83029,0.49088749367048823,18.93016,10
1193,77,0.6185022670180902,21,10
1194,-96.82190895,0.18487695540485902,32.78049154,10
